lat,long,alt,date,dist_calcul,dist,pente,vit_calcul,vit
"4,880501667","45,779665","222,3",0,0,0,0,0,0
"4,880501667","45,779665","221,7",6,0,0,"-0,6",0,0
"4,880501667","45,779665","221,1",12,0,0,"-0,6",0,0
"4,880501667","45,779665","220,4",18,0,0,"-0,7",0,0
"4,880501667","45,779665","219,8",24,0,0,"-0,6",0,0
"4,880501667","45,779665","219,1",30,0,0,"-0,7",0,0
"4,880363333","45,77962667","218,5",36,"0,01595732177","0,01288206086","-0,6","7,729236516","1,104176645"
"4,87974","45,77948333","217,9",42,"0,08706468382","0,07028576424","-0,6","34,44222203","6,024494077"
"4,87941","45,77942333","217,3",48,"0,1243563758","0,1003906811","-0,6","18,06295013","8,604915525"
"4,879223333","45,77947","216,8",54,"0,1457469649","0,1176589217","-0,5","10,36094432","10,08505043"
"4,879176667","45,77959","216,4",60,"0,1600185538","0,1291801205","-0,4","6,912719294","11,07258176"
"4,879145","45,77970333",216,66,"0,1730592915","0,1397076751","-0,4","6,316532779","11,97494358"
"4,879056667","45,77976333","215,6",72,"0,1849193665","0,1492821018","-0,4","5,744656033","12,79560873"
"4,878873333","45,77975","215,2",78,"0,2053584753","0,1657822293","-0,4","9,90007649","13,10572873"
"4,87868","45,77973833","214,9",84,"0,2268951916","0,1831684357","-0,3","10,43172385","9,675657557"
"4,878326667","45,779875","214,5",90,"0,269000789","0,2171595325","-0,4","20,39465805","10,00875869"
"4,877898333","45,77985833","214,2",96,"0,3166650216","0,2556380162","-0,3","23,08709021","11,82677953"
"4,877405","45,779865","213,8",102,"0,3715262074","0,2999264716","-0,4","26,57307327","14,63540153"
"4,877036667","45,77981833","213,5",108,"0,4128081098","0,3332526141","-0,3","19,9956855","16,5895662"
"4,876791667","45,77977333","213,1",114,"0,4405033576","0,355610493","-0,4","13,41472734","17,68529067"
"4,87658","45,77979","212,9",120,"0,4641119167","0,3746692611","-0,2","11,43526086","17,90460273"
"4,876298333","45,77977167","212,7",126,"0,4954977617","0,4000064932","-0,2","15,20233926","18,58611921"
"4,87601","45,77977833","212,5",132,"0,5275676304","0,4258959255","-0,2","15,53365933","17,89169082"
"4,875711667","45,779785","212,4",138,"0,5607491128","0,4526827436","-0,1","16,07209086","16,88954806"
"4,875436667","45,77979","212,4",144,"0,5913325747","0,4773722261",0,"14,81368954","15,2096361"
"4,875348333","45,77984833","212,4",150,"0,6030899961","0,4868637824",0,"5,694933782","13,16667157"
"4,875235","45,77973667","212,5",156,"0,620750003","0,5011203906","0,1","8,553964893","12,47227693"
"4,874985","45,77967667","212,6",162,"0,6493324657","0,5241945022","0,1","13,84446699","12,81644924"
"4,874678333","45,77965167","212,7",168,"0,6835444917","0,5518132598","0,1","16,57125453","13,01200856"
"4,874403333","45,77963167","212,9",174,"0,714203302","0,5765635697","0,2","14,85018599","12,91436951"
"4,87412","45,77959","213,1",180,"0,7460450028","0,6022688061","0,2","15,42314181","12,8216625"
"4,873861667","45,77950833","213,3",186,"0,7761616457","0,626581434","0,2","14,58757675","12,78936068"
"4,873643333","45,779445","213,5",192,"0,8014328086","0,6469823925","0,2","12,24057507","13,72445229"
"4,873361667","45,779405","213,7",198,"0,8330646459","0,6725182098","0,2","15,32149038","14,69124164"
"4,87305","45,77934833",214,204,"0,8682843619","0,7009504575","0,3","17,05934861","15,15051045"
"4,87276","45,77930167","214,3",210,"0,9009426564","0,7273149153","0,3","15,81867472","15,04299905"
"4,872481667","45,77925167","214,6",216,"0,9323837308","0,7526967331","0,3","15,22909069","15,09712829"
"4,872275","45,779195",215,222,"0,9562058706","0,7719279211","0,4","11,53871279","14,54220986"
"4,872001667","45,77912833","215,3",228,"0,9874838458","0,7971780719","0,3","15,15009045","14,62256896"
"4,871666667","45,77907167","215,6",234,"1,025259506","0,8276736876","0,3","18,29736947","15,4878253"
"4,871348333","45,77906333","215,9",240,"1,060668591","0,8562588095","0,3","17,15107314","15,74919427"
"4,871066667","45,779095","216,2",246,"1,092184393","0,8817009536","0,3","15,26528644","15,49289967"
"4,870778333","45,77910167","216,4",252,"1,124254262","0,9075903861","0,2","15,53365948","15,45218321"
"4,87052","45,779095","216,5",258,"1,152989249","0,9307876279","0,1","13,91834507","15,26493383"
"4,87025","45,779075","216,6",264,"1,18309347","0,9550902278","0,1","14,58155996","15,69962629"
"4,869928333","45,77905667","216,7",270,"1,218918812","0,9840113865","0,1","17,35269524","16,01428412"
"4,869645","45,77903167","216,6",276,"1,25054552","1,009543063","-0,1","15,3190059","15,58880361"
"4,869376667","45,77901","216,6",282,"1,280479208","1,033707995",0,"14,49895902","15,20993016"
"4,869078333","45,77903167","216,6",288,"1,313739095","1,060558107",0,"16,11006764","15,33061319"
"4,868775","45,77905167","216,5",294,"1,347540995","1,087845778","-0,1","16,37260209","15,45046213"
"4,86851","45,77905167","216,5",300,"1,377007663","1,111633692",0,"14,27274887","15,50109125"
"4,868288333","45,77902","216,5",306,"1,401904434","1,131732411",0,"12,05923114","15,14075856"
"4,868046667","45,77901667","216,5",312,"1,428779173","1,153427908",0,"13,01729808","14,52141611"
"4,867796667","45,77907833","216,6",318,"1,457405117","1,176537121","0,1","13,86552799","14,31377641"
"4,867521667","45,779075","216,7",324,"1,487985927","1,201224463","0,1","14,81240504","14,35855441"
"4,867226667","45,77909667","216,8",330,"1,520876041","1,227776064","0,1","15,93096096","14,33296774"
"4,866931667","45,77909333",217,336,"1,553680548","1,254258557","0,2","15,88949556","14,26395252"
"4,866683333","45,77909167","217,1",342,"1,581294646","1,276550925","0,1","13,37542087","14,13576281"
"4,86646","45,77909833","217,3",348,"1,606139234","1,296607517","0,2","12,03395529","14,13215197"
"4,866188333","45,77910167","217,4",354,"1,636349549","1,320995765","0,1","14,63294864","14,36295919"
"4,865915","45,77916667","217,6",360,"1,667584416","1,346211115","0,2","15,12921016","14,54348522"
"4,865661667","45,77924833","217,8",366,"1,697171349","1,370096118","0,2","14,33100155","14,47471329"
"4,865325","45,77929167",218,372,"1,734913593","1,400564757","0,2","18,28118369","14,81045939"
"4,86504","45,77929833","218,1",378,"1,766612885","1,42615503","0,1","15,35416336","14,73398337"
"4,864765","45,779335","218,4",384,"1,797460138","1,451057466","0,3","14,94146184","14,9577035"
"4,864506667","45,77932167","218,6",390,"1,82622334","1,474277485","0,2","13,93201155","15,2288544"
"4,864261667","45,77930333","218,8",396,"1,853541621","1,496331046","0,2","13,2321362","15,02873834"
"4,864018333","45,77935167","219,1",402,"1,881123879","1,51859771","0,3","13,35999855","14,77599382"
"4,863776667","45,779365","219,4",408,"1,908036487","1,540323778","0,3","13,03564066","14,59094227"
"4,863496667","45,77940667","219,6",414,"1,939511512","1,565733003","0,2","15,24553532","14,15727821"
"4,863203333","45,77942","219,8",420,"1,972162078","1,592091222","0,2","15,81493127","14,2231022"
"4,862908333","45,779465",220,426,"2,005341388","1,618876286","0,2","16,07103862","14,38447031"
"4,86258","45,779525","220,1",432,"2,042450647","1,648833928","0,1","17,9745852","14,96198083"
"4,862335","45,77955","220,1",438,"2,06983368","1,670939762",0,"13,26350008","14,96646139"
"4,86206","45,77957",220,444,"2,100492491","1,695690072","-0,1","14,85018632","15,17934535"
"4,86177","45,779595","219,8",450,"2,13285777","1,721817984","-0,2","15,67674701","15,55664626"
"4,861458333","45,779615","219,6",456,"2,16758437","1,749852148","-0,2","16,82049837","15,78164098"
"4,861188333","45,77966167","219,3",462,"2,198049136","1,774445809","-0,3","14,75619689","15,63039321"
"4,860923333","45,77968667",219,468,"2,227645814","1,798338679","-0,3","14,33572172","15,3824908"
"4,86068","45,77969333","218,6",474,"2,254713531","1,820189963","-0,4","13,1107707","14,68766016"
"4,860428333","45,77970833","218,2",480,"2,282746945","1,842820838","-0,4","13,57852466","14,73266367"
"4,86016","45,77970167","217,9",486,"2,312593341","1,8669153","-0,3","14,45667745","14,67644811"
"4,859883333","45,77973333","217,6",492,"2,343556805","1,891911552","-0,3","14,99775088","14,57944867"
"4,859721667","45,77974333","217,3",498,"2,36156751","1,906451272","-0,3","8,723832281","13,42278208"
"4,859715","45,779765",217,504,"2,364081055","1,908480412","-0,3","1,217483991","11,48868024"
"4,859701667","45,77974333","216,8",510,"2,366902088","1,910757782","-0,2","1,366421734","9,635923099"
"4,859705","45,77975167","216,5",516,"2,367893241","1,911557922","-0,3","0,4800840687","7,831539296"
"4,859603333","45,77975","216,2",522,"2,379199713","1,920685435","-0,3","5,476507744","6,674108308"
"4,859283333","45,779735","215,9",528,"2,414820949","1,949441822","-0,3","17,25383257","7,073701895"
"4,858996667","45,77980667","215,6",534,"2,447670895","1,975960997","-0,3","15,91150482","7,204238172"
"4,858871667","45,78001","215,2",540,"2,474141845","1,997330522","-0,4","12,82171509","7,789650002"
"4,858826667","45,78017833","214,8",546,"2,493452021","2,012919282","-0,4","9,353256118","8,951903163"
"4,858778333","45,78034167","214,4",552,"2,512329828","2,028158999","-0,4","9,143829856","10,06296147"
"4,858803333","45,78048667",214,558,"2,528634119","2,041321162","-0,4","7,897297754","11,12256342"
"4,858785","45,78070167","213,6",564,"2,552541986","2,060621556","-0,4","11,58023641","11,99452466"
"4,858746667","45,78089","213,3",570,"2,573839256","2,077814462","-0,3","10,31574342","11,00336907"
"4,858701667","45,78104",213,576,"2,591195547","2,091825885","-0,3","8,40685424","9,931276127"
"4,858725","45,78125833","212,8",582,"2,615524743","2,111466411","-0,2","11,78431524","9,783076149"
"4,858718333","45,78147833","212,7",588,"2,639911106","2,131153086","-0,1","11,81200518","10,13432601"
"4,858651667","45,78163667","212,6",594,"2,658955515","2,146527297","-0,1","9,224526747","10,14585414"
"4,858666667","45,78183167","212,6",600,"2,6806249","2,164020605",0,"10,49598449","10,5170951"
"4,858795","45,78197833","212,6",606,"2,702251194","2,181479126",0,"10,47511254","10,35922026"
"4,858898333","45,78214333","212,6",612,"2,723843496","2,198910205",0,"10,45864785","10,37963518"
"4,858911667","45,78233833","212,6",618,"2,745499568","2,216392766",0,"10,48953608","10,67716116"
"4,858881667","45,78255833","212,6",624,"2,770101735","2,236253656",0,"11,91653401","10,69604956"
"4,858856667","45,78278","212,5",630,"2,794818117","2,256206749","-0,1","11,97185625","10,71888542"
"4,858828333","45,78297667","212,5",636,"2,816834307","2,273980026",0,"10,66396618","10,92451963"
"4,858855","45,78317333","212,6",642,"2,838824896","2,291732636","0,1","10,65156584","10,94674554"
"4,858861667","45,78331667","212,6",648,"2,854722803","2,304566732",0,"7,700457827","10,55036629"
"4,85884","45,78344833","212,7",654,"2,869508347","2,316502838","0,1","7,161663357","10,07936851"
"4,858885","45,78359","212,8",660,"2,885982562","2,329802177","0,1","7,97960372","9,720806741"
"4,858951667","45,78377",213,666,"2,907258873","2,346978163","0,2","10,30559152","9,490672099"
"4,859008333","45,7839","213,3",672,"2,922980342","2,359669824","0,3","7,614996679","8,86826359"
"4,859031667","45,784095","213,6",678,"2,944740622","2,37723651","0,3","10,54001124","8,850555741"
"4,859041667","45,78425333","213,9",684,"2,962318015","2,391426425","0,3","8,513949258","8,545181943"
"4,858968333","45,78444167","214,1",690,"2,984721136","2,409512065","0,2","10,85138367","8,995314206"
"4,858716667","45,78456667","214,4",696,"3,015944748","2,434718329","0,3","15,12375858","10,13275638"
"4,85842","45,784585","214,7",702,"3,048995051","2,461399248","0,3","16,00855159","11,27974893"
"4,85816","45,78456333","214,9",708,"3,078005203","2,484818626","0,2","14,05162655","11,8148968"
"4,857888333","45,78458667","215,1",714,"3,108323768","2,509294262","0,2","14,68538161","12,82495179"
"4,857618333","45,78461333","215,2",720,"3,138491541","2,533648166","0,1","14,6123426","13,40671341"
"4,857343333","45,78457333","215,4",726,"3,16938959","2,558591609","0,2","14,96606586","14,32844435"
"4,8571","45,78440833","215,6",732,"3,202043882","2,584952836","0,2","15,81673603","15,0377804"
"4,856855","45,78434","215,8",738,"3,230318987","2,607778823","0,2","13,69559236","14,83375666"
"4,856583333","45,784305",216,744,"3,260774875","2,632365318","0,2","14,75189666","14,65423452"
"4,856343333","45,78413167","216,3",750,"3,293653479","2,658907628","0,3","15,92538587","14,92191443"
"4,856098333","45,784215","216,6",756,"3,322418404","2,682129038","0,3","13,93284612","14,81440936"
"4,855878333","45,78434","216,9",762,"3,350529514","2,704822635","0,3","13,61615822","14,6720973"
"4,855648333","45,7844","217,2",768,"3,37695429","2,726154885","0,3","12,79934982","14,36256644"
"4,855405","45,78440167","217,4",774,"3,404012515","2,747998506","0,2","13,10617306","13,97534316"
"4,855141667","45,78438333","217,6",780,"3,433364262","2,771693647","0,2","14,21708467","14,04984206"
"4,854923333","45,784325","217,6",786,"3,458487342","2,791975061",0,"12,16884827","13,68083515"
"4,854655","45,78422333","217,6",792,"3,49037995","2,817721394",0,"15,44779969","13,61260855"
"4,85441","45,784195","217,4",798,"3,517802944","2,839859487","-0,2","13,28285596","13,51975281"
"4,854133333","45,78417333","217,2",804,"3,548660421","2,864770177","-0,2","14,94641403","13,70978936"
"4,853836667","45,78405667","216,8",810,"3,584090371","2,893372143","-0,4","17,16117951","14,33290788"
"4,853586667","45,78398167","216,5",816,"3,613104561","2,916794781","-0,3","14,05358243","14,46825208"
"4,853388333","45,78391167",216,822,"3,636482174","2,93566711","-0,5","11,32339766","14,05486822"
"4,853161667","45,78382167","215,6",828,"3,663587157","2,957548479","-0,4","13,1288212","14,19200721"
"4,852943333","45,78371167","215,2",834,"3,690752258","2,97947838","-0,4","13,15794051","13,86488447"
"4,852716667","45,78361","214,8",840,"3,718359175","3,001764951","-0,4","13,37194261","13,87761114"
"4,852508333","45,78348833","214,5",846,"3,745161715","3,023402162","-0,3","12,9823271","13,59702729"
"4,852255","45,78340167","214,3",852,"3,774922682","3,04742766","-0,2","14,41529827","13,20475854"
"4,851991667","45,78333667","214,1",858,"3,80507656","3,071770347","-0,2","14,60561229","13,28361995"
"4,851736667","45,78321333",214,864,"3,8365523","3,097180149","-0,1","15,24588164","13,8439748"
"4,851513333","45,78304167","213,9",870,"3,867832724","3,122432277","-0,1","15,15127657","14,132897"
"4,85134","45,78290167","213,9",876,"3,892573162","3,142404791",0,"11,98350823","13,96512096"
"4,85111","45,78275167","213,9",882,"3,923073555","3,167027213",0,"14,77345351","14,1653368"
"4,850878333","45,78265333","213,9",888,"3,951042757","3,189606251",0,"13,54742234","14,24606469"
"4,850668333","45,782525","213,8",894,"3,97838198","3,211676717","-0,1","13,24227986","14,07849064"
"4,850445","45,78242333","213,8",900,"4,005650895","3,233690425",0,"13,20822483","13,87886385"
"4,850155","45,78232833","213,8",906,"4,039571637","3,261074034",0,"16,43016551","14,04804726"
"4,849901667","45,78222833","213,7",912,"4,06984156","3,285510402","-0,1","14,66182092","13,97812503"
"4,849695","45,78213","213,6",918,"4,09527359","3,306041226","-0,1","12,31849416","14,02598016"
"4,849558333","45,78202167","213,5",924,"4,114638762","3,321674383","-0,1","9,379894491","13,25547173"
"4,849376667","45,78187833","213,5",930,"4,140334329","3,342417956",0,"12,44614338","13,09814616"
"4,849191667","45,781735","213,4",936,"4,166322336","3,36339761","-0,1","12,58779234","13,00464795"
"4,849086667","45,78153833","213,4",942,"4,191043276","3,383354383",0,"11,974064","12,82833926"
"4,848945","45,78141167","213,5",948,"4,212140924","3,400386137","0,1","10,21905265","11,94103742"
"4,848668333","45,78138167","213,5",954,"4,243083861","3,425365818",0,"14,98780823","11,98760704"
"4,848455","45,78133667","213,7",960,"4,267323615","3,444934138","0,2","11,74099228","11,90510677"
"4,848261667","45,78115667","213,8",966,"4,296647559","3,468606835","0,1","14,20361775","12,59421009"
"4,84802","45,78091833",214,972,"4,334322761","3,499021352","0,2","18,24871061","13,42314827"
"4,847801667","45,78076167","214,3",978,"4,364167647","3,523114596","0,3","14,45594606","13,69002737"
"4,847603333","45,78062333","214,5",984,"4,391024438","3,544795603","0,2","13,00860462","13,83781889"
"4,84743","45,780465","214,6",990,"4,417086555","3,565835085","0,1","12,62368894","14,18133836"
"4,847286667","45,78031667","214,8",996,"4,439980335","3,584316825","0,2","11,08904382","13,62437201"
"4,847066667","45,78019","214,8",1002,"4,46818315","3,607084453",0,"13,6605773","13,89859844"
"4,846883333","45,78002333","214,9",1008,"4,495689004","3,629289438","0,1","13,3229908","13,77279459"
"4,846721667","45,77986667","214,8",1014,"4,520678276","3,649462831","-0,1","12,10403578","12,8949839"
"4,846546667","45,77969667","214,7",1020,"4,54776014","3,671325536","-0,1","13,11762307","12,70379491"
"4,8464","45,77955833","214,5",1026,"4,57014052","3,689392817","-0,2","10,84036863","12,39404691"
"4,846246667","45,77937167","214,3",1032,"4,596944405","3,711031115","-0,2","12,98297858","12,445374"
"4,846088333","45,77918333",214,1038,"4,624246351","3,733071488","-0,3","13,22422403","12,75039974"
"4,846011667","45,77905167","213,8",1044,"4,6411427","3,746711609","-0,2","8,184072463","11,96804191"
"4,845926667","45,77892167","213,5",1050,"4,658370514","3,760619316","-0,3","8,344623928","11,25684664"
"4,845988333","45,77864167","213,3",1056,"4,690142509","3,78626828","-0,2","15,38937846","11,72618131"
"4,84609","45,77841",213,1062,"4,718190066","3,808910572","-0,3","13,5853751","11,79300303"
"4,84616","45,77821833","212,8",1068,"4,740807791","3,827169457","-0,2","10,95533126","11,80942626"
"4,8461","45,77808333","212,7",1074,"4,757185987","3,840391282","-0,1","7,933095066","11,08801433"
"4,84591","45,77794","212,5",1080,"4,783616219","3,861727936","-0,2","12,80199254","11,02769555"
"4,845751667","45,77778","212,4",1086,"4,808600802","3,881897544","-0,1","12,10176457","11,58736585"
"4,845616667","45,77763167","212,3",1092,"4,830859435","3,899866541","-0,1","10,78139812","11,93547645"
"4,845556667","45,77746833","212,1",1098,"4,850147194","3,915437204","-0,2","9,342398012","11,0716221"
"4,845496667","45,777315",212,1104,"4,868399477","3,930171946","-0,1","8,840845244","10,39383212"
"4,845436667","45,777135","211,9",1110,"4,889429521","3,947149125","-0,1","10,18630735","10,28397156"
"4,84546","45,77694667","211,7",1116,"4,910457207","3,9641244","-0,2","10,18516521","10,60569586"
"4,845708333","45,776805","211,6",1122,"4,942220123","3,989766035","-0,1","15,38498087","10,9746942"
"4,845966667","45,77666667","211,4",1128,"4,974778779","4,016050057","-0,2","15,77041289","11,49878681"
"4,84618","45,77659","211,3",1134,"4,999975293","4,036390752","-0,1","12,20441744","11,70207529"
"4,846433333","45,77649833","211,2",1140,"5,029919819","4,060564433","-0,1","14,50420861","12,4394768"
"4,846645","45,77637833","211,2",1146,"5,056951884","4,082386937",0,"13,09350196","13,04699919"
"4,846826667","45,77624833","211,2",1152,"5,08176144","4,102415248",0,"12,01698687","13,30852484"
"4,847051667","45,776105","211,3",1158,"5,111394943","4,126337846","0,1","14,35355862","13,90400961"
"4,847361667","45,77600667","211,4",1164,"5,1475461","4,155522029","0,1","17,51051002","14,20765663"
"4,847543333","45,77588333","211,5",1170,"5,171934496","4,175210346","0,1","11,8129899","13,64231049"
"4,847708333","45,77578167","211,6",1176,"5,193463678","4,19259047","0,1","10,42807447","13,38854721"
"4,847985","45,77571333","211,8",1182,"5,225145622","4,218166737","0,2","15,34576052","13,50876891"
"4,848218333","45,77561333","211,9",1188,"5,253357863","4,240941976","0,1","13,66514297","13,59043191"
"4,848443333","45,77550167",212,1194,"5,281269002","4,26347414","0,1","13,51929841","13,80504784"
"4,84873","45,77543333","212,1",1200,"5,314031722","4,289922898","0,1","15,86925522","14,02157593"
"4,848965","45,775325","212,1",1206,"5,342787403","4,313136846",0,"13,92836861","13,50984144"
"4,849196667","45,77518833",212,1212,"5,372668354","4,337259204","-0,1","14,47341483","13,88990215"
"4,849443333","45,775095","211,9",1218,"5,401981232","4,360922967","-0,1","14,19825772","14,42849975"
"4,84968","45,77504","211,7",1224,"5,428993452","4,38272945","-0,2","13,08388965","14,10537534"
"4,849886667","45,77491","211,5",1230,"5,456114558","4,404623834","-0,2","13,13663069","14,02987359"
"4,850123333","45,77479167","211,2",1236,"5,485515852","4,428358974","-0,3","14,24108372","14,13298578"
"4,850356667","45,77469","210,9",1242,"5,513801314","4,451193322","-0,3","13,70060897","13,82317917"
"4,850586667","45,77461","210,7",1248,"5,540868532","4,473044204","-0,2","13,110529","13,70634494"
"4,850811667","45,774515","210,4",1254,"5,568011395","4,494956152","-0,3","13,14716911","13,51688127"
"4,85102","45,77441333","210,2",1260,"5,59377072","4,515751195","-0,2","12,4770258","13,27099099"
"4,851238333","45,774305",210,1266,"5,620853416","4,537614572","-0,2","13,11802606","13,27586762"
"4,851416667","45,77422167","209,9",1272,"5,642727711","4,5552733","-0,1","10,5952366","12,91281132"
"4,851456667","45,77401333","209,9",1278,"5,666234888","4,574250224",0,"11,38615449","12,50496429"
"4,851473333","45,77380833","209,9",1284,"5,68902371","4,592647233",0,"11,03820539","12,12462092"
"4,851583333","45,77366",210,1290,"5,709510606","4,609185938","0,1","9,923223142","11,66929151"
"4,851853333","45,77360167","210,2",1296,"5,740220965","4,633977862","0,2","14,87515459","11,91614658"
"4,852075","45,77353667","210,4",1302,"5,76589969","4,654707838","0,2","12,43798564","11,91056942"
"4,852388333","45,77346167","210,6",1308,"5,801718113","4,683623412","0,2","17,34934389","12,51504339"
"4,852655","45,77344833","210,8",1314,"5,831406917","4,707590653","0,2","14,38034473","13,05577312"
"4,852843333","45,77337167","211,1",1320,"5,854005905","4,725834412","0,3","10,94625563","12,99293043"
"4,853123333","45,77326667","211,3",1326,"5,887243023","4,752666144","0,2","16,09903904","13,71590667"
"4,85334","45,77313833","211,4",1332,"5,915218186","4,775249993","0,1","13,55030967","14,23406188"
"4,853546667","45,77307","211,6",1338,"5,939413467","4,794782412","0,2","11,71945093","13,78324707"
"4,853846667","45,772965","211,7",1344,"5,97474241","4,823302836","0,1","17,11225482","14,45099981"
"4,854091667","45,77289","211,8",1350,"6,003224265","4,846295729","0,1","13,79573571","13,9433415"
"4,854325","45,77299","211,9",1356,"6,031436506","4,869070967","0,1","13,66514297","13,84116982"
"4,854545","45,77315",212,1362,"6,06164712","4,893459457","0,1","14,63309347","14,36786094"
"4,85475","45,77332333","212,1",1368,"6,09145378","4,917521841","0,1","14,43743056","14,1304883"
"4,854923333","45,77344333","212,2",1374,"6,114868566","4,936424179","0,1","11,34140312","13,81493022"
"4,855098333","45,77349333","212,3",1380,"6,135100924","4,952757401","0,1","9,799932753","13,54071334"
"4,855296667","45,77348333","212,4",1386,"6,157182515","4,970583475","0,1","10,69564442","12,62405471"
"4,855405","45,77360667","212,5",1392,"6,175398963","4,985289288","0,1","8,82348787","11,91373359"
"4,85564","45,77372833","212,6",1398,"6,204802097","5,009025913","0,1","14,24197496","11,99613816"
"4,855958333","45,77375667","212,7",1404,"6,240338093","5,037713488","0,1","17,21254493","12,36463123"
"4,856236667","45,77377667","212,8",1410,"6,271366689","5,062762319","0,1","15,02929882","12,44918384"
"4,856511667","45,773815","212,8",1416,"6,302238767","5,087684796",0,"14,95348631","12,96519572"
"4,856761667","45,77384167","212,8",1422,"6,330193948","5,110252514",0,"13,540631","13,49958119"
"4,857018333","45,77387667","212,7",1428,"6,358996291","5,133504131","-0,1","13,95097025","13,96462773"
"4,857255","45,77392667","212,5",1434,"6,385889301","5,155214378","-0,2","13,02614799","14,56500775"
"4,857486667","45,773975","212,3",1440,"6,412200255","5,176454741","-0,2","12,74421794","14,35104246"
"4,85773","45,77410333","212,1",1446,"6,442766325","5,201130184","-0,2","14,80526543","14,00714539"
"4,857906667","45,77419","211,9",1452,"6,464631761","5,21878176","-0,2","10,59094557","13,37309493"
"4,858088333","45,77435667","211,6",1458,"6,492000637","5,240876164","-0,3","13,25664287","13,13068872"
"4,8582","45,77454667","211,4",1464,"6,516441084","5,260606501","-0,2","11,83820181","12,88748455"
"4,858301667","45,774735","211,1",1470,"6,5401732","5,279765014","-0,3","11,49510803","12,53664709"
"4,858351667","45,77490333","210,9",1476,"6,559634704","5,295475939","-0,2","9,426554753","12,02241949"
"4,858376667","45,77508","210,7",1482,"6,579404966","5,311436118","-0,2","9,576107645","11,5698323"
"4,858386667","45,77526167","210,5",1488,"6,599563465","5,327709714","-0,2","9,764157722","10,84967406"
"4,858423333","45,775455","210,3",1494,"6,621368638","5,345312641","-0,2","10,56175603","10,84550412"
"4,858435","45,77566667","210,1",1500,"6,644856252","5,364273772","-0,2","11,37667877","10,57693782"
"4,858473333","45,77586","209,9",1506,"6,66669653","5,381905039","-0,2","10,57875981","10,39701754"
"4,858478333","45,77604167","209,8",1512,"6,686831991","5,398160037","-0,1","9,752998823","10,14814479"
"4,858505","45,77622167","209,7",1518,"6,706994291","5,414436701","-0,1","9,76599881","10,1966368"
"4,858478333","45,77637","209,7",1524,"6,723694","5,427918078",0,"8,088826087","9,984168008"
"4,858443333","45,77653333","209,6",1530,"6,742204436","5,442861223","-0,1","8,965886627","9,87012928"
"4,858455","45,77674333","209,7",1536,"6,765507716","5,461673544","0,1","11,28739304","9,97379171"
"4,858498333","45,77696167","209,7",1542,"6,790173544","5,481585827",0,"11,94736944","10,05531895"
"4,85851","45,77713667","209,9",1548,"6,809606546","5,497273742","0,2","9,41274926","9,888746013"
"4,858521667","45,777345","210,1",1554,"6,832725192","5,515937012","0,2","11,197962","10,09516932"
"4,85855","45,77753167","210,3",1560,"6,853645236","5,53282539","0,2","10,13302673","10,14760188"
"4,858458333","45,77768667","210,5",1566,"6,873615525","5,548947048","0,2","9,672994579","10,37391167"
"4,858483333","45,77791667","210,8",1572,"6,899249462","5,569640867","0,3","12,4162917","10,86682668"
"4,858581667","45,778145","211,1",1578,"6,926809491","5,591889586","0,3","13,34923151","11,16137503"
"4,858648333","45,77831","211,4",1584,"6,946536397","5,607814765","0,3","9,55510733","10,8196233"
"4,858626667","45,778425","211,7",1590,"6,959503669","5,618283012","0,3","6,280948251","10,37222316"
"4,858661667","45,77857167",212,1596,"6,97621336","5,631772448","0,3","8,093661061","9,928751595"
"4,858656667","45,778735","212,2",1602,"6,994318644","5,64638852","0,2","8,769643443","9,733982554"
"4,858696667","45,77895167","212,4",1608,"7,018732895","5,666097709","0,2","11,82551327","10,04148522"
"4,858731667","45,77915333","212,6",1614,"7,041412896","5,684406868","0,2","10,98549584","9,837085815"
"4,858703333","45,779375","212,8",1620,"7,066173907","5,70439599","0,2","11,99347316","9,643406051"
"4,858756667","45,779625","212,9",1626,"7,094500443","5,727263497","0,1","13,72050395","10,23846271"
"4,858803333","45,77987833","213,1",1632,"7,123044094","5,750306277","0,2","13,82566779","11,31627979"
"4,858835","45,78008167","213,2",1638,"7,145845964","5,768713819","0,1","11,04452544","11,73783184"
"4,858873333","45,780265","213,4",1644,"7,166600566","5,785468639","0,2","10,05289171","11,92115302"
"4,858901667","45,78045333","213,5",1650,"7,18770334","5,802504531","0,1","10,22153553","11,69201335"
"4,858843333","45,78064333","213,7",1656,"7,209731193","5,820287223","0,2","10,66961538","11,64688757"
"4,858733333","45,780815","213,9",1662,"7,232344534","5,83854257","0,2","10,95320778","11,49827823"
"4,858678333","45,78096","214,1",1668,"7,24953464","5,852419835","0,2","8,326359331","10,72768614"
"4,858673333","45,78117833","214,3",1674,"7,273731411","5,871953456","0,2","11,72017264","10,42690112"
"4,858671667","45,781345","214,5",1680,"7,292198462","5,886861577","0,2","8,944872266","10,12695066"
"4,85866","45,78154333","214,7",1686,"7,314210966","5,904631878","0,2","10,6621808","10,21399196"
"4,858686667","45,78174333","214,9",1692,"7,336567574","5,922679968","0,2","10,8288542","10,30075177"
"4,858735","45,781915",215,1698,"7,356332136","5,938635546","0,1","9,57334674","10,14414197"
"4,858851667","45,78208","215,1",1704,"7,378748529","5,9567319","0,1","10,85781222","10,13051403"
"4,85886","45,782285","215,1",1710,"7,401480528","5,975083037",0,"11,01068207","10,51398871"
"4,858855","45,78247167","215,1",1716,"7,422169672","5,991785013",0,"10,02118586","10,27127631"
"4,858831667","45,78267667",215,1722,"7,44503036","6,010240038","-0,1","11,07301507","10,57529671"
"4,858826667","45,78291","214,9",1728,"7,470888686","6,031115003","-0,1","12,52497884","10,84141072"
"4,858813333","45,78310333","214,7",1734,"7,49236044","6,048448767","-0,2","10,40025811","10,7801827"
"4,858793333","45,78328333","214,5",1740,"7,5124273","6,064648384","-0,2","9,719770605","10,8011004"
"4,85882","45,78345167","214,3",1746,"7,531312267","6,079893881","-0,2","9,14729794","10,55674121"
"4,858898333","45,78364833","214,1",1752,"7,554778384","6,098837658","-0,2","11,36626628","10,60753896"
"4,858998333","45,78382167","213,8",1758,"7,5769697","6,116752311","-0,3","10,74879184","10,71148267"
"4,859048333","45,78401833","213,7",1764,"7,599457345","6,134906185","-0,1","10,8923245","10,68566973"
"4,859085","45,78420833","213,5",1770,"7,620899696","6,152216212","-0,2","10,3860162","10,38010364"
"4,859123333","45,78436667","213,4",1776,"7,638952387","6,166789827","-0,1","8,74416901","10,14351948"
"4,858983333","45,78449833","213,3",1782,"7,660286653","6,184012599","-0,1","10,33366314","10,23121842"
"4,85864","45,784535","213,2",1788,"7,698679149","6,215006175","-0,1","18,59614579","11,58105382"
"4,858281667","45,78457667","213,2",1794,"7,738790633","6,24738746",0,"19,42877078","12,73284018"
"4,858026667","45,78457833","213,2",1800,"7,767146107","6,270278328",0,"13,73452063","13,15937286"
"4,857721667","45,78460167","213,2",1806,"7,801159054","6,297736372",0,"16,47482678","13,95687319"
"4,857475","45,78454667","213,3",1812,"7,829255893","6,320418449","0,1","13,60924578","14,41733456"
"4,857276667","45,78450167","213,3",1818,"7,851866245","6,338671382",0,"10,95176","14,7327047"
"4,857016667","45,784405","213,4",1824,"7,882696985","6,363560488","0,1","14,93346345","15,38981903"
"4,856723333","45,78435833","213,6",1830,"7,915721508","6,390220595","0,2","15,99606455","15,01837885"
"4,85644","45,784215","213,7",1836,"7,951002842","6,418702586","0,1","17,08919448","14,68415367"
"4,85621","45,78419167","213,8",1842,"7,976708053","6,439453944","0,1","12,45081464","14,5007671"
"4,856006667","45,784295","213,9",1848,"8,002051333","6,459913121","0,1","12,27550638","13,90086418"
"4,855793333","45,7844","214,1",1854,"8,028472186","6,481242204","0,2","12,79744964","13,78489331"
"4,855541667","45,78444333","214,2",1860,"8,056865142","6,50416333","0,1","13,75267576","14,18502413"
"4,855283333","45,78442333","214,4",1866,"8,085675933","6,527421767","0,2","13,9550622","14,04525252"
"4,85503","45,78439333","214,5",1872,"8,114040782","6,550320203","0,1","13,73906159","13,72282353"
"4,854801667","45,78434833","214,7",1878,"8,139915136","6,571208107","0,2","12,53274231","13,07190179"
"4,85456","45,78430333","214,8",1884,"8,167245787","6,593271654","0,1","13,23812785","13,18437511"
"4,854315","45,78422833",215,1890,"8,1957278","6,616264674","0,2","13,79581224","13,40156166"
"4,854","45,78413333","215,1",1896,"8,232301431","6,645789913","0,1","17,71514345","14,10408934"
"4,85371","45,78403333","215,3",1902,"8,266398273","6,673315685","0,2","16,51546294","14,49877323"
"4,853456667","45,78395","215,4",1908,"8,296042266","6,697246751","0,1","14,35863966","14,55642715"
"4,853228333","45,78388","215,6",1914,"8,322590053","6,718678305","0,2","12,85893257","14,43069443"
"4,852998333","45,78375667","215,7",1920,"8,351586687","6,74208677","0,1","14,04507884","14,64674251"
"4,85283","45,783665","215,8",1926,"8,372882475","6,759278479","0,1","10,31502558","14,22915647"
"4,852563333","45,78355667","215,9",1932,"8,404871586","6,785102717","0,1","15,49454278","14,47183226"
"4,852315","45,78345",216,1938,"8,43490777","6,809350392","0,1","14,54860493","14,01946962"
"4,852066667","45,783325",216,1944,"8,465799838","6,834289007",0,"14,96316885","13,79771332"
"4,85179","45,78318",216,1950,"8,500506189","6,862306824",0,"16,81069038","14,14800628"
"4,851563333","45,78305333","215,9",1956,"8,529354338","6,885595419","-0,1","13,97315727","14,30718123"
"4,851348333","45,78293","215,8",1962,"8,556891139","6,907825387","-0,1","13,33798058","14,2061672"
"4,851148333","45,782835","215,7",1968,"8,581495137","6,927687755","-0,1","11,91742089","14,43508081"
"4,850886667","45,78272","215,4",1974,"8,613258763","6,953329963","-0,3","15,38532478","14,41947824"
"4,850673333","45,78261667","215,2",1980,"8,639598817","6,974593818","-0,2","12,75831309","14,16372226"
"4,850503333","45,78250667","214,9",1986,"8,66209047","6,992750928","-0,3","10,89426585","13,5824504"
"4,850223333","45,78238","214,5",1992,"8,696242116","7,020320942","-0,4","16,54200831","13,54406725"
"4,849966667","45,78230667","214,1",1998,"8,725916193","7,044276294","-0,4","14,37321142","13,60121785"
"4,849753333","45,78219667","213,8",2004,"8,752585409","7,065805876","-0,3","12,91774905","13,54118477"
"4,849581667","45,78206167","213,4",2010,"8,776835943","7,085382899","-0,4","11,74621378","13,51672661"
"4,849381667","45,78193833","213,1",2016,"8,802937799","7,106454461","-0,3","12,6429373","13,12495697"
"4,849231667","45,78180667","212,8",2022,"8,825096803","7,124343029","-0,3","10,7331409","12,83564666"
"4,849078333","45,78164667","212,5",2028,"8,849692742","7,144198892","-0,3","11,91351736","12,98125402"
"4,848973333","45,78144833","212,3",2034,"8,874576658","7,164287232","-0,2","12,05300457","12,33996777"
"4,848835","45,78137333","212,1",2040,"8,892059967","7,178401196","-0,2","8,468377858","11,49642012"
"4,848568333","45,78132333",212,2046,"8,922225051","7,202752929","-0,1","14,61104013","11,73831884"
"4,848413333","45,78128667","211,9",2052,"8,939932711","7,217048007","-0,1","8,577046591","11,28558067"
"4,848275","45,78119333","211,8",2058,"8,958467719","7,232010988","-0,1","8,977788549","10,76198799"
"4,848113333","45,78101667","211,8",2064,"8,985044177","7,253465688",0,"12,87281993","11,06765643"
"4,847951667","45,78085333","211,8",2070,"9,010552286","7,274057928",0,"12,35534449","11,13077459"
"4,847755","45,78071333","211,7",2076,"9,037363399","7,295702061","-0,1","12,9864796","11,26412816"
"4,847575","45,78055833","211,7",2082,"9,063736281","7,316992418",0,"12,77421396","11,87924761"
"4,847408333","45,78042833","211,6",2088,"9,087207774","7,335940535","-0,1","11,36887025","11,41608048"
"4,847161667","45,78022167","211,6",2094,"9,122937641","7,364784618",0,"17,30645009","12,66313812"
"4,846991667","45,78007167","211,5",2100,"9,148107852","7,38510408","-0,1","12,19167707","13,12226506"
"4,846838333","45,77990833","211,3",2106,"9,172971296","7,405175894","-0,2","12,04308856","13,003732"
"4,846701667","45,77975667","211,2",2112,"9,195628038","7,423466277","-0,1","10,97422989","12,80642992"
"4,84654","45,779575","211,1",2118,"9,222615223","7,44525255","-0,1","13,07176347","12,81861333"
"4,846383333","45,77943","210,9",2124,"9,246313135","7,464383451","-0,2","11,47854066","12,63351714"
"4,84623","45,779285","210,8",2130,"9,269739658","7,483295265","-0,1","11,34708817","12,63040542"
"4,846111667","45,77915","210,7",2136,"9,289661146","7,499377526","-0,1","9,649356874","11,53653496"
"4,845991667","45,77901333","210,7",2142,"9,309843774","7,515670601",0,"9,775845069","11,1914161"
"4,845976667","45,778805","210,7",2148,"9,332986773","7,534353531",0,"11,20975785","11,07236885"
"4,846018333","45,77855833","210,8",2154,"9,360706742","7,556731367","0,1","13,42670153","11,42272195"
"4,846145","45,77837167","210,9",2160,"9,385729352","7,576931673","0,1","12,12018368","11,28678198"
"4,846246667","45,77821833","211,1",2166,"9,406135804","7,593405437","0,2","9,884258539","11,05902739"
"4,846103333","45,778095","211,3",2172,"9,427129818","7,61035353","0,2","10,16885552","10,89070844"
"4,84593","45,77794","211,5",2178,"9,452944714","7,631193434","0,2","12,50394269","11,29850641"
"4,845728333","45,77778667","211,7",2184,"9,481077776","7,653904753","0,2","13,62679109","11,84864156"
"4,845585","45,777635","211,9",2190,"9,504238293","7,672601824","0,2","11,21824303","11,84985373"
"4,845496667","45,77746833","212,1",2196,"9,525154458","7,689487071","0,2","10,13114786","11,37906034"
"4,84543","45,77730167","212,3",2202,"9,545053314","7,705551062","0,2","9,638394628","11,02451905"
"4,845425","45,777155","212,4",2208,"9,561313045","7,718677252","0,1","7,875714259","10,73758415"
"4,845498333","45,77700667","212,4",2214,"9,57965989","7,733488333",0,"8,886648172","10,55441168"
"4,845685","45,77687167","212,5",2220,"9,605244204","7,754142092","0,1","12,39225585","10,53845641"
"4,845881667","45,776735","212,5",2226,"9,631843374","7,775615127",0,"12,88382092","10,43231782"
"4,846116667","45,77662333","212,5",2232,"9,660755186","7,798955117",0,"14,00399367","10,83028219"
"4,846331667","45,77655667","212,5",2238,"9,685777076","7,819154842",0,"12,11983494","11,11438035"
"4,846556667","45,77641","212,5",2244,"9,715610182","7,843238575",0,"14,45024019","11,80178686"
"4,846798333","45,776265","212,6",2250,"9,746918542","7,868513255","0,1","15,16480791","12,84308595"
"4,847073333","45,776155","212,7",2256,"9,779836458","7,895087301","0,1","15,9444274","13,85134012"
"4,84731","45,77604333","212,8",2262,"9,808915963","7,918562666","0,1","14,08521901","14,093192"
"4,847541667","45,77596333","212,9",2268,"9,836158258","7,940554884","0,1","13,19533092","14,13769343"
"4,847741667","45,775835",213,2274,"9,862554198","7,961863855","0,1","12,78538255","13,96360613"
"4,847935","45,775715",213,2280,"9,887831066","7,982269419",0,"12,24333845","13,98124949"
"4,848153333","45,77559",213,2286,"9,91578125","8,004833103",0,"13,5382106","13,85095955"
"4,848346667","45,7755","212,9",2292,"9,939479162","8,023964004","-0,1","11,47854066","13,32434994"
"4,84866","45,77541833","212,7",2298,"9,975476043","8,053023643","-0,2","17,43578347","13,53740081"
"4,848905","45,775345","212,4",2304,"10,00390453","8,075973453","-0,3","13,76988589","13,49235322"
"4,849146667","45,77526167",212,2310,"10,03231874","8,098911738","-0,4","13,76297055","13,5734446"
"4,849371667","45,77516667","211,6",2316,"10,05946177","8,120823821","-0,4","13,14725","13,62513995"
"4,849621667","45,77508333","211,1",2322,"10,08875374","8,144470705","-0,5","14,18813053","13,90296739"
"4,849836667","45,77494167","210,6",2328,"10,11735306","8,167558425","-0,5","13,85263214","13,94788475"
"4,850065","45,77478833","210,1",2334,"10,14790203","8,192220063","-0,5","14,79698272","14,4219479"
"4,8503","45,77466333","209,6",2340,"10,17747616","8,21609473","-0,5","14,32480017","13,97752171"
"4,850556667","45,774555","209,2",2346,"10,20843744","8,241089218","-0,4","14,99669302","14,15277987"
"4,850806667","45,774485","208,8",2352,"10,23729777","8,264387647","-0,4","13,97905737","14,18364942"
"4,851048333","45,77438333","208,5",2358,"10,26643533","8,287909879","-0,3","14,11333907","14,32166214"
"4,851293333","45,77428667","208,2",2364,"10,29570775","8,311540981","-0,3","14,17866111","14,32030937"
"4,851488333","45,77414667",208,2370,"10,32236801","8,333063333","-0,2","12,91341104","14,18613493"
"4,851573333","45,77397833","207,8",2376,"10,34327685","8,349942666","-0,2","10,12759986","13,51908023"
"4,85164","45,77381","207,7",2382,"10,36334663","8,366144641","-0,1","9,721184964","12,86142092"
"4,851716667","45,77362833","207,6",2388,"10,38520568","8,383791061","-0,1","10,58785239","12,23158654"
"4,85177","45,773475","207,6",2394,"10,40319961","8,39831724",0,"8,715706986","11,47967934"
"4,851893333","45,77335667","207,6",2400,"10,42217242","8,41363365",0,"9,189846391","10,77632325"
"4,852051667","45,77320333","207,6",2406,"10,4466383","8,433384518",0,"11,85052077","10,44373177"
"4,852226667","45,77311","207,7",2412,"10,46867454","8,451173981","0,1","10,67367779","10,12376988"
"4,852493333","45,77297667","207,9",2418,"10,50180261","8,477917681","0,2","16,04621954","10,96928698"
"4,852705","45,7729","208,1",2424,"10,52682468","8,498117551","0,2","12,11992212","11,31196371"
"4,852978333","45,77282333","208,4",2430,"10,55838263","8,52359372","0,3","15,28570164","11,98308503"
"4,853233333","45,77274","208,8",2436,"10,5882029","8,547667092","0,4","14,44402282","12,80141587"
"4,853425","45,7726","209,3",2442,"10,61456262","8,568946823","0,5","12,7678387","13,31255763"
"4,853621667","45,77247833","209,8",2448,"10,64025205","8,589685441","0,5","12,44317081","13,39722192"
"4,853898333","45,77246","210,4",2454,"10,67108293","8,61457466","0,6","14,93353126","14,00577241"
"4,854095","45,77250667",211,2460,"10,69355454","8,632715589","0,6","10,88455764","13,26839214"
"4,854428333","45,77256833","211,7",2466,"10,73124409","8,66314169","0,7","18,25566034","14,14492617"
"4,854733333","45,77261333","212,5",2472,"10,7655231","8,690814522","0,8","16,60369952","14,33321158"
"4,854981667","45,77267","213,2",2478,"10,7938412","8,713675218","0,7","13,71641781","14,22926801"
"4,855243333","45,77271",214,2484,"10,82327283","8,737434848","0,8","14,25577754","14,4418307"
"4,855508333","45,77273167","214,8",2490,"10,85283706","8,761301522","0,8","14,32000491","14,70994986"
"4,855748333","45,77272833","215,5",2496,"10,87952637","8,782847326","0,7","12,92748197","14,42337139"
"4,856005","45,77271667","216,3",2502,"10,90809559","8,805910747","0,8","13,83805263","14,84529925"
"4,856313333","45,77271667","217,1",2508,"10,94238077","8,83358856","0,8","16,60668808","14,60973178"
"4,856585","45,77273833","217,8",2514,"10,97268388","8,85805172","0,7","14,67789569","14,33461695"
"4,856873333","45,772815","218,5",2520,"11,00585123","8,884827129","0,7","16,06524556","14,67016377"
"4,857076667","45,77284667","219,2",2526,"11,02873162","8,903298059","0,7","11,08255812","14,21684671"
"4,857331667","45,77287667","219,8",2532,"11,05728049","8,926345052","0,6","13,82819571","14,14658825"
"4,857603333","45,77291167","220,4",2538,"11,08773652","8,950931661","0,6","14,75196544","14,40722875"
"4,857903333","45,77291833",221,2544,"11,12110314","8,977867938","0,6","16,16176583","14,73918778"
"4,858193333","45,77291167","221,5",2550,"11,1533581","9,003906791","0,5","15,62331187","14,59870546"
"4,858393333","45,77285667",222,2556,"11,17641663","9,02252153","0,5","11,16884366","14,09741231"
"4,858603333","45,77289","222,5",2562,"11,20005761","9,041606471","0,5","11,45096455","13,43822931"
"4,85875","45,77312167","222,8",2568,"11,23046819","9,066156389","0,3","14,72995085","13,95928542"
"4,858796667","45,77334","223,2",2574,"11,25520899","9,086129195","0,4","11,98368358","13,69578368"
"4,858851667","45,77351667","223,4",2580,"11,27571612","9,102684235","0,2","9,93302387","13,00736346"
"4,858883333","45,77369333","223,6",2586,"11,29560433","9,118739632","0,2","9,633238033","12,07471663"
"4,8589","45,773875","223,6",2592,"11,3158173","9,135057201",0,"9,790541802","11,24146376"
"4,858913333","45,77405167","223,6",2598,"11,33544734","9,150904182",0,"9,508188415","11,0042273"
"4,858928333","45,77421167","223,4",2604,"11,35325296","9,165278341","-0,2","8,624495406","10,60044599"
"4,858925","45,77439","223,1",2610,"11,37301501","9,181231891","-0,3","9,572130004","9,863614444"
"4,85899","45,77457833","222,6",2616,"11,39509803","9,199059119","-0,5","10,69633658","9,67970773"
"4,859033333","45,77479167","222,1",2622,"11,41922056","9,218532806","-0,5","11,68421258","9,929877546"
"4,859111667","45,77501167","221,5",2628,"11,44510519","9,239429006","-0,6","12,53771969","10,3448035"
"4,85916","45,77516","220,7",2634,"11,46239619","9,253387721","-0,8","8,375229285","10,14261599"
"4,85914","45,77531167",220,2640,"11,4793466","9,267071484","-0,7","8,210257951","9,957197357"
"4,859165","45,77546333","219,2",2646,"11,49637869","9,280821186","-0,8","8,249821234","9,903672475"
"4,859215","45,77560167","218,3",2652,"11,5126827","9,293983123","-0,9","7,897161646","9,664391281"
"4,85923","45,77576667","217,5",2658,"11,5310401","9,308802724","-0,8","8,89176069","9,406594725"
"4,859295","45,775935","216,7",2664,"11,55104241","9,324950231","-0,8","9,688504568","9,121493581"
"4,85937","45,77614333","215,9",2670,"11,57558534","9,3447633","-0,8","11,88784143","9,028653829"
"4,859381667","45,77634333","215,1",2676,"11,59778234","9,362682542","-0,8","10,75154499","9,368127501"
"4,85934","45,776545","214,3",2682,"11,6206014","9,381103962","-0,8","11,05285175","9,774212329"
"4,859308333","45,776725","213,6",2688,"11,64085291","9,397452644","-0,7","9,809209394","9,996982066"
"4,859303333","45,776935","212,8",2694,"11,66412658","9,416241062","-0,8","11,27305087","10,47925196"
"4,85934","45,77716",212,2700,"11,68938686","9,436633235","-0,8","12,23530373","10,95690096"
"4,859345","45,77736833","211,1",2706,"11,71247586","9,455272572","-0,9","11,18360239","11,17048636"
"4,859353333","45,77753333","210,3",2712,"11,73078041","9,470049509","-0,8","8,866161773","10,73881784"
"4,859596667","45,77762833","209,6",2718,"11,75981292","9,493486935","-0,7","14,06245607","11,21180514"
"4,859661667","45,77778833","208,8",2724,"11,77895693","9,508941553","-0,8","9,272770412","10,95750781"
"4,859688333","45,77796833","208,1",2730,"11,79911923","9,525218217","-0,7","9,76599881","10,95133487"
"4,859673333","45,77809","207,5",2736,"11,81270227","9,536183563","-0,6","6,579207356","10,28078579"
"4,859655","45,77823333",207,2742,"11,82871316","9,549108868","-0,5","7,755183322","9,640768591"
"4,859626667","45,77846833","206,6",2748,"11,85493989","9,570281239","-0,4","12,70342243","9,857885739"
"4,859578333","45,77863167","206,2",2754,"11,87381769","9,58552095","-0,4","9,143826465","9,897552123"
"4,859575","45,77881667",206,2760,"11,89431778","9,602070306","-0,2","9,92961391","9,3071461"
"4,85956","45,77898333","205,8",2766,"11,91285911","9,617038391","-0,2","8,980850732","9,265443289"
"4,85985","45,77922167","205,7",2772,"11,95453798","9,650684998","-0,1","20,18796441","10,75429552"
"4,860158333","45,77939667","205,6",2778,"11,99392595","9,682482203","-0,1","19,07832282","12,53988344"
"4,860423333","45,77952333","205,6",2784,"12,02656395","9,708830278",0,"15,80884468","13,69040649"
"4,860636667","45,77952333","205,6",2790,"12,05028562","9,727980358",0,"11,49004831","13,51706733"
"4,860901667","45,77952167","205,5",2796,"12,0797529","9,751768767","-0,1","14,27304531","14,24981288"
"4,861163333","45,77953167","205,5",2802,"12,10886988","9,775274385",0,"14,10337075","14,84606386"
"4,861431667","45,77953","205,4",2808,"12,13870782","9,799362021","-0,1","14,45258163","15,6277397"
"4,86172","45,77951167","205,3",2814,"12,17083343","9,825296452","-0,1","15,56065871","14,96669603"
"4,86194","45,779505","205,2",2820,"12,19530778","9,845054158","-0,1","11,85462338","13,93473897"
"4,862243333","45,77947667","205,1",2826,"12,22918265","9,872400735","-0,1","16,40794652","14,02032494"
"4,86246","45,77943667","204,9",2832,"12,25367927","9,892176419","-0,2","11,86541028","14,07394808"
"4,86272","45,779395","204,7",2838,"12,28295631","9,915811251","-0,2","14,1808989","14,06078431"
"4,862966667","45,77938","204,4",2844,"12,31043479","9,937994137","-0,3","13,30973168","13,9474073"
"4,863205","45,77940333","204,1",2850,"12,33706207","9,959489864","-0,3","12,89743654","13,72524371"
"4,863451667","45,77935","203,8",2856,"12,36511958","9,982140191","-0,3","13,59019602","13,44374905"
"4,863698333","45,77933333","203,5",2862,"12,39260971","10,00433248","-0,3","13,31537458","13,65242779"
"4,863973333","45,779325","203,1",2868,"12,42320215","10,02902921","-0,4","14,81803825","13,42529804"
"4,864215","45,77925667","202,8",2874,"12,45112056","10,05156725","-0,3","13,52282026","13,66207089"
"4,864501667","45,77922333","202,4",2880,"12,48320967","10,07747221","-0,4","15,54297923","13,85665379"
"4,864788333","45,7792","202,1",2886,"12,51519033","10,10328963","-0,3","15,49044938","14,16818489"
"4,865073333","45,77916","201,8",2892,"12,5471893","10,12912182","-0,3","15,49931818","14,53988227"
"4,865321667","45,779125","201,6",2898,"12,57507378","10,15163247","-0,2","13,50638561","14,52790935"
"4,865578333","45,77911","201,4",2904,"12,60366224","10,17471142","-0,2","13,84737189","14,60390897"
"4,8658","45,77908667","201,2",2910,"12,62844562","10,1947186","-0,2","12,00430802","14,20194751"
"4,866058333","45,77907667",201,2916,"12,65719237","10,21792534","-0,2","13,92404271","14,259265"
"4,866321667","45,779065","200,9",2922,"12,68650233","10,24158674","-0,1","14,19684433","14,06696002"
"4,866578333","45,77903167","200,7",2928,"12,7152801","10,26481852","-0,2","13,93906784","13,84533408"
"4,866858333","45,77901667","200,6",2934,"12,74645908","10,28998876","-0,1","15,10214021","13,78859437"
"4,867131667","45,77901667","200,5",2940,"12,77685232","10,31452468","-0,1","14,72155189","13,96218956"
"4,867371667","45,77900833","200,4",2946,"12,80355497","10,33608125","-0,1","12,93394345","13,83169978"
"4,8676","45,779005","200,4",2952,"12,82894728","10,35658001",0,"12,29925501","13,87383506"
"4,867843333","45,77898","200,4",2958,"12,85614603","10,37853707",0,"13,17423906","13,76672026"
"4,8681","45,77894333","200,6",2964,"12,88497371","10,40180915","0,2","13,96324271","13,7333486"
"4,86845","45,77896167","200,9",2970,"12,92394485","10,43326985","0,3","18,87642317","14,43868507"
"4,868788333","45,77897","201,3",2976,"12,96157709","10,46364969","0,4","18,22790113","14,88522235"
"4,86907","45,778975","201,8",2982,"12,99290185","10,48893761","0,5","15,17275157","14,94967944"
"4,869321667","45,77896833","202,5",2988,"13,0208957","10,51153654","0,7","13,55936107","15,03902482"
"4,869595","45,77896333","203,2",2994,"13,05129397","10,53607652","0,7","14,72398827","15,38541528"
"4,869861667","45,77896833","203,9",3000,"13,08095119","10,56001826","0,7","14,36504641","15,55553062"
"4,87013","45,77896667","204,7",3006,"13,11078913","10,5841059","0,8","14,45258163","15,62543618"
"4,870421667","45,77896833","205,5",3012,"13,14322145","10,61028793","0,8","15,70921961","15,17297853"
"4,870696667","45,77899167","206,2",3018,"13,1739092","10,63506161","0,7","14,86420349","14,69245029"
"4,870958333","45,77901833","206,9",3024,"13,20315482","10,65867107","0,7","14,16568001","14,54858293"
"4,871213333","45,77902167","207,5",3030,"13,23151188","10,68156322","0,6","13,73528884","14,57371546"
"4,871498333","45,77902333","208,1",3036,"13,26320293","10,70714684","0,6","15,35017119","14,66317017"
"4,871758333","45,77903","208,7",3042,"13,29212316","10,73049362","0,6","14,00807109","14,61217369"
"4,872005","45,77906833","209,2",3048,"13,31987806","10,75289966","0,5","13,44362103","14,46803647"
"4,872288333","45,77911833","209,7",3054,"13,35186646","10,77872332","0,5","15,4941984","14,43731915"
"4,872558333","45,77917167","210,2",3060,"13,3824651","10,80342506","0,5","14,82104134","14,43115313"
"4,872828333","45,77922833","210,6",3066,"13,41313728","10,82818616","0,4","14,85666186","14,52986482"
"4,873085","45,77927667","211,1",3072,"13,44217538","10,8516281","0,5","14,0651637","14,5769898"
"4,873311667","45,77928667","211,5",3078,"13,46740389","10,87199463","0,4","12,21991532","14,12981039"
"4,87355","45,77931167","211,9",3084,"13,49404961","10,89350524","0,4","12,90636831","13,97242428"
"4,873825","45,77936833","212,2",3090,"13,525266","10,91870568","0,3","15,12026047","14,2119442"
"4,87406","45,77944333","212,5",3096,"13,55268637","10,94084165","0,3","13,28158498","13,89585657"
"4,874315","45,77949833","212,7",3102,"13,58168859","10,96425462","0,2","14,04778453","13,78539131"
"4,874566667","45,77953833","212,8",3108,"13,61002133","10,98712714","0,1","13,72350898","13,62351233"
"4,874818333","45,77957167","212,8",3114,"13,63824795","11,00991399",0,"13,67210771","13,56736147"
"4,875115","45,77965","212,8",3120,"13,67235827","11,03745064",0,"16,52199127","14,18194375"
"4,875395","45,77973333","212,8",3126,"13,70483294","11,06366686",0,"15,72973265","14,58528151"
"4,875668333","45,779745","212,7",3132,"13,73525389","11,08822515","-0,1","14,73497376","14,53024055"
"4,875953333","45,77973333","212,6",3138,"13,7669708","11,11382964","-0,1","15,36269698","14,82754227"
"4,876225","45,77974167","212,5",3144,"13,7971926","11,13822716","-0,1","14,63851162","14,91193185"
"4,876496667","45,77971333","212,4",3150,"13,82756314","11,16274476","-0,1","14,71055671","15,05293867"
"4,876778333","45,77972667","212,3",3156,"13,85891782","11,18805683","-0,1","15,18724389","15,2693867"
"4,877055","45,77970667","212,3",3162,"13,88976156","11,21295643",0,"14,93976025","15,04335369"
"4,877318333","45,77970667","212,2",3168,"13,91904276","11,23659462","-0,1","14,18291387","14,82237958"
"4,877583333","45,77971333","212,2",3174,"13,9485186","11,26038994",0,"14,27719151","14,75698212"
"4,877838333","45,77970333","212,2",3180,"13,97689488","11,2832976",0,"13,74459842","14,52582518"
"4,878123333","45,77975167","212,2",3186,"14,00903479","11,30924358",0,"15,56758519","14,65854998"
"4,87842","45,779745","212,2",3192,"14,04203092","11,33588077",0,"15,98231185","14,84022928"
"4,878716667","45,77977833","212,2",3198,"14,07522476","11,36267756",0,"16,07807651","14,96749109"
"4,878978333","45,77982333","212,2",3204,"14,10474475","11,38650852",0,"14,29857641","14,87589339"
"4,879086667","45,779745","212,2",3210,"14,11959143","11,39849398",0,"7,191275758","13,87708795"
"4,879125","45,77951333","212,2",3216,"14,14560959","11,41949798",0,"12,60239752","13,63783167"
"4,879291667","45,77937333","212,2",3222,"14,16977636","11,43900738",0,"11,70564108","13,34655205"
"4,879543333","45,779475","212,2",3228,"14,19994219","11,46335971",0,"14,61140147","13,20995437"
"4,87974","45,77955667","212,2",3234,"14,22360852","11,48246512",0,"11,46324331","12,56437315"
"4,879978333","45,77968333","212,2",3240,"14,25359635","11,50667376",0,"14,52518374","12,34253133"
"4,880263333","45,77974","212,2",3246,"14,28590268","11,53275408",0,"15,64819392","12,53533383"
"4,880521667","45,77971333","212,2",3252,"14,31477972","11,556066",0,"13,98715118","13,50617318"
"4,88079","45,77974","212,2",3258,"14,34476304","11,580271",0,"14,52299923","13,78054485"
"4,880898333","45,77973667","212,2",3264,"14,35681459","11,59",0,"5,837400642","12,94222479"