lat,long,alt,date,dist_calcul,dist,pente,vit_calcul,vit,vit2
"4,880501667","45,779665","222,3",0,0,0,0,0,0,0
"4,880501667","45,779665","221,7",6,0,0,"-0,6",0,0,0
"4,880501667","45,779665","221,1",12,0,0,"-0,6",0,0,0
"4,880501667","45,779665","220,4",18,0,0,"-0,7",0,0,0
"4,880501667","45,779665","219,8",24,0,0,"-0,6",0,0,0
"4,880501667","45,779665","219,1",30,0,0,"-0,7",0,0,0
"4,880363333","45,77962667","218,5",36,"0,01595732177","0,01288206086","-0,6","7,729236516","3,091694607","1,545847303"
"4,87974","45,77948333","217,9",42,"0,08706468382","0,07028576424","-0,6","34,44222203","16,86858342","10,75306266"
"4,87941","45,77942333","217,3",48,"0,1243563758","0,1003906811","-0,6","18,06295013","22,54791617","22,37954834"
"4,879223333","45,77947","216,8",54,"0,1457469649","0,1176589217","-0,5","10,36094432","18,25800219","18,76503199"
"4,879176667","45,77959","216,4",60,"0,1600185538","0,1291801205","-0,4","6,912719294","10,52205547","13,61982825"
"4,879145","45,77970333",216,66,"0,1730592915","0,1397076751","-0,4","6,316532779","7,363889694","8,59815008"
"4,879056667","45,77976333","215,6",72,"0,1849193665","0,1492821018","-0,4","5,744656033","6,207019384","6,725835887"
"4,878873333","45,77975","215,2",78,"0,2053584753","0,1657822293","-0,4","9,90007649","7,521199565","6,8069218"
"4,87868","45,77973833","214,9",84,"0,2268951916","0,1831684357","-0,3","10,43172385","9,281651342","8,816967499"
"4,878326667","45,779875","214,5",90,"0,269000789","0,2171595325","-0,4","20,39465805","14,31056806","11,84927444"
"4,877898333","45,77985833","214,2",96,"0,3166650216","0,2556380162","-0,3","23,08709021","19,47904407","17,89109949"
"4,877405","45,779865","213,8",102,"0,3715262074","0,2999264716","-0,4","26,57307327","23,942997","21,98026375"
"4,877036667","45,77981833","213,5",108,"0,4128081098","0,3332526141","-0,3","19,9956855","23,24492155","23,94255758"
"4,876791667","45,77977333","213,1",114,"0,4405033576","0,355610493","-0,4","13,41472734","18,67877979","20,30411189"
"4,87658","45,77979","212,9",120,"0,4641119167","0,3746692611","-0,2","11,43526086","13,93913238","15,65086027"
"4,876298333","45,77977167","212,7",126,"0,4954977617","0,4000064932","-0,2","15,20233926","13,33798552","13,4406123"
"4,87601","45,77977833","212,5",132,"0,5275676304","0,4258959255","-0,2","15,53365933","14,58145161","14,3364264"
"4,875711667","45,779785","212,4",138,"0,5607491128","0,4526827436","-0,1","16,07209086","15,68276793","15,16524178"
"4,875436667","45,77979","212,4",144,"0,5913325747","0,4773722261",0,"14,81368954","15,46104403","15,62574913"
"4,875348333","45,77984833","212,4",150,"0,6030899961","0,4868637824",0,"5,694933782","11,4178675","13,31361563"
"4,875235","45,77973667","212,5",156,"0,620750003","0,5011203906","0,1","8,553964893","8,662297377","9,128206863"
"4,874985","45,77967667","212,6",162,"0,6493324657","0,5241945022","0,1","13,84446699","10,09835951","9,666231554"
"4,874678333","45,77965167","212,7",168,"0,6835444917","0,5518132598","0,1","16,57125453","13,87708158","12,51677076"
"4,874403333","45,77963167","212,9",174,"0,714203302","0,5765635697","0,2","14,85018599","15,3374696","14,87995435"
"4,87412","45,77959","213,1",180,"0,7460450028","0,6022688061","0,2","15,42314181","15,42358202","15,20841896"
"4,873861667","45,77950833","213,3",186,"0,7761616457","0,626581434","0,2","14,58757675","14,97432462","15,25624891"
"4,873643333","45,779445","213,5",192,"0,8014328086","0,6469823925","0,2","12,24057507","13,81588909","14,31155035"
"4,873361667","45,779405","213,7",198,"0,8330646459","0,6725182098","0,2","15,32149038","13,94234153","13,64441514"
"4,87305","45,77934833",214,204,"0,8682843619","0,7009504575","0,3","17,05934861","15,40045061","14,9794876"
"4,87276","45,77930167","214,3",210,"0,9009426564","0,7273149153","0,3","15,81867472","16,21550741","15,98176483"
"4,872481667","45,77925167","214,6",216,"0,9323837308","0,7526967331","0,3","15,22909069","15,83097588","15,89917426"
"4,872275","45,779195",215,222,"0,9562058706","0,7719279211","0,4","11,53871279","13,87085634","14,79195771"
"4,872001667","45,77912833","215,3",228,"0,9874838458","0,7971780719","0,3","15,15009045","13,72133943","13,42706009"
"4,871666667","45,77907167","215,6",234,"1,025259506","0,8276736876","0,3","18,29736947","15,68672653","15,06517074"
"4,871348333","45,77906333","215,9",240,"1,060668591","0,8562588095","0,3","17,15107314","17,20939513","16,76278873"
"4,871066667","45,779095","216,2",246,"1,092184393","0,8817009536","0,3","15,26528644","16,62601773","16,8030768"
"4,870778333","45,77910167","216,4",252,"1,124254262","0,9075903861","0,2","15,53365948","15,749793","15,99932669"
"4,87052","45,779095","216,5",258,"1,152989249","0,9307876279","0,1","13,91834507","14,83385911","15,31866336"
"4,87025","45,779075","216,6",264,"1,18309347","0,9550902278","0,1","14,58155996","14,50669391","14,50874507"
"4,869928333","45,77905667","216,7",270,"1,218918812","0,9840113865","0,1","17,35269524","15,5573711","15,09835399"
"4,869645","45,77903167","216,6",276,"1,25054552","1,009543063","-0,1","15,3190059","15,98499245","16,0482953"
"4,869376667","45,77901","216,6",282,"1,280479208","1,033707995",0,"14,49895902","15,39772502","15,4879898"
"4,869078333","45,77903167","216,6",288,"1,313739095","1,060558107",0,"16,11006764","15,30741184","15,27056374"
"4,868775","45,77905167","216,5",294,"1,347540995","1,087845778","-0,1","16,37260209","15,8928597","15,76124663"
"4,86851","45,77905167","216,5",300,"1,377007663","1,111633692",0,"14,27274887","15,48015392","15,71276025"
"4,868288333","45,77902","216,5",306,"1,401904434","1,131732411",0,"12,05923114","13,80731242","14,43374785"
"4,868046667","45,77901667","216,5",312,"1,428779173","1,153427908",0,"13,01729808","12,88516146","13,12488517"
"4,867796667","45,77907833","216,6",318,"1,457405117","1,176537121","0,1","13,86552799","13,16497666","13,12087575"
"4,867521667","45,779075","216,7",324,"1,487985927","1,201224463","0,1","14,81240504","14,07463283","13,70462773"
"4,867226667","45,77909667","216,8",330,"1,520876041","1,227776064","0,1","15,93096096","15,070452","14,66723012"
"4,866931667","45,77909333",217,336,"1,553680548","1,254258557","0,2","15,88949556","15,69066362","15,4924134"
"4,866683333","45,77909167","217,1",342,"1,581294646","1,276550925","0,1","13,37542087","14,89215876","15,28726465"
"4,86646","45,77909833","217,3",348,"1,606139234","1,296607517","0,2","12,03395529","13,34164958","13,8654967"
"4,866188333","45,77910167","217,4",354,"1,636349549","1,320995765","0,1","14,63294864","13,34184575","13,20760111"
"4,865915","45,77916667","217,6",360,"1,667584416","1,346211115","0,2","15,12921016","14,31165458","14,0866495"
"4,865661667","45,77924833","217,8",366,"1,697171349","1,370096118","0,2","14,33100155","14,71067441","14,56079064"
"4,865325","45,77929167",218,372,"1,734913593","1,400564757","0,2","18,28118369","16,07071613","15,31087441"
"4,86504","45,77929833","218,1",378,"1,766612885","1,42615503","0,1","15,35416336","16,32033913","16,59054584"
"4,864765","45,779335","218,4",384,"1,797460138","1,451057466","0,3","14,94146184","15,77448682","15,75471094"
"4,864506667","45,77932167","218,6",390,"1,82622334","1,474277485","0,2","13,93201155","14,62022203","15,15608427"
"4,864261667","45,77930333","218,8",396,"1,853541621","1,496331046","0,2","13,2321362","13,85395147","14,13614172"
"4,864018333","45,77935167","219,1",402,"1,881123879","1,51859771","0,3","13,35999855","13,42325621","13,56861631"
"4,863776667","45,779365","219,4",408,"1,908036487","1,540323778","0,3","13,03564066","13,20468293","13,3267558"
"4,863496667","45,77940667","219,6",414,"1,939511512","1,565733003","0,2","15,24553532","13,9844701","13,56214072"
"4,863203333","45,77942","219,8",420,"1,972162078","1,592091222","0,2","15,81493127","15,03131477","14,7288819"
"4,862908333","45,779465",220,426,"2,005341388","1,618876286","0,2","16,07103862","15,80349502","15,47434449"
"4,86258","45,779525","220,1",432,"2,042450647","1,648833928","0,1","17,9745852","16,78123578","16,31797614"
"4,862335","45,77955","220,1",438,"2,06983368","1,670939762",0,"13,26350008","15,70944184","16,43569347"
"4,86206","45,77957",220,444,"2,100492491","1,695690072","-0,1","14,85018632","14,8403916","14,80380821"
"4,86177","45,779595","219,8",450,"2,13285777","1,721817984","-0,2","15,67674701","14,86347335","15,0106011"
"4,861458333","45,779615","219,6",456,"2,16758437","1,749852148","-0,2","16,82049837","15,96893542","15,49886045"
"4,861188333","45,77966167","219,3",462,"2,198049136","1,774445809","-0,3","14,75619689","15,7660275","15,9818566"
"4,860923333","45,77968667",219,468,"2,227645814","1,798338679","-0,3","14,33572172","15,00086712","15,17701716"
"4,86068","45,77969333","218,6",474,"2,254713531","1,820189963","-0,4","13,1107707","13,92983635","14,42330422"
"4,860428333","45,77970833","218,2",480,"2,282746945","1,842820838","-0,4","13,57852466","13,54286249","13,61385431"
"4,86016","45,77970167","217,9",486,"2,312593341","1,8669153","-0,3","14,45667745","13,83623498","13,73632413"
"4,859883333","45,77973333","217,6",492,"2,343556805","1,891911552","-0,3","14,99775088","14,49747627","14,2546709"
"4,859721667","45,77974333","217,3",498,"2,36156751","1,906451272","-0,3","8,723832281","12,37996876","13,49282985"
"4,859715","45,779765",217,504,"2,364081055","1,908480412","-0,3","1,217483991","6,976076685","9,05063086"
"4,859701667","45,77974333","216,8",510,"2,366902088","1,910757782","-0,2","1,366421734","2,778328746","4,126567887"
"4,859705","45,77975167","216,5",516,"2,367893241","1,911557922","-0,3","0,4800840687","0,9820991192","1,895107707"
"4,859603333","45,77975","216,2",522,"2,379199713","1,920685435","-0,3","5,476507744","2,655921072","1,730376329"
"4,859283333","45,779735","215,9",528,"2,414820949","1,949441822","-0,3","17,25383257","9,188152939","6,421679373"
"4,858996667","45,77980667","215,6",534,"2,447670895","1,975960997","-0,3","15,91150482","14,3614365","12,9525272"
"4,858871667","45,78001","215,2",540,"2,474141845","1,997330522","-0,4","12,82171509","14,94405448","14,51851271"
"4,858826667","45,78017833","214,8",546,"2,493452021","2,012919282","-0,4","9,353256118","12,05228945","13,18919299"
"4,858778333","45,78034167","214,4",552,"2,512329828","2,028158999","-0,4","9,143829856","9,963177408","10,66088753"
"4,858803333","45,78048667",214,558,"2,528634119","2,041321162","-0,4","7,897297754","8,687102267","9,304197211"
"4,858785","45,78070167","213,6",564,"2,552541986","2,060621556","-0,4","11,58023641","9,619779639","9,028787743"
"4,858746667","45,78089","213,3",570,"2,573839256","2,077814462","-0,3","10,31574342","10,33785148","10,34710943"
"4,858701667","45,78104",213,576,"2,591195547","2,091825885","-0,3","8,40685424","9,805086345","9,945019614"
"4,858725","45,78125833","212,8",582,"2,615524743","2,111466411","-0,2","11,78431524","10,13961648","9,781462493"
"4,858718333","45,78147833","212,7",588,"2,639911106","2,131153086","-0,1","11,81200518","11,11989902","10,96750385"
"4,858651667","45,78163667","212,6",594,"2,658955515","2,146527297","-0,1","9,224526747","10,77147582","10,94845641"
"4,858666667","45,78183167","212,6",600,"2,6806249","2,164020605",0,"10,49598449","10,25060553","10,25229283"
"4,858795","45,78197833","212,6",606,"2,702251194","2,181479126",0,"10,47511254","10,23334416","10,36912062"
"4,858898333","45,78214333","212,6",612,"2,723843496","2,198910205",0,"10,45864785","10,47270105","10,35093541"
"4,858911667","45,78233833","212,6",618,"2,745499568","2,216392766",0,"10,48953608","10,47429608","10,4718521"
"4,858881667","45,78255833","212,6",624,"2,770101735","2,236253656",0,"11,91653401","11,05415761","10,76731567"
"4,858856667","45,78278","212,5",630,"2,794818117","2,256206749","-0,1","11,97185625","11,65326332","11,49641026"
"4,858828333","45,78297667","212,5",636,"2,816834307","2,273980026",0,"10,66396618","11,43763577","11,55098177"
"4,858855","45,78317333","212,6",642,"2,838824896","2,291732636","0,1","10,65156584","10,92058406","11,04832091"
"4,858861667","45,78331667","212,6",648,"2,854722803","2,304566732",0,"7,700457827","9,473602704","10,19585335"
"4,85884","45,78344833","212,7",654,"2,869508347","2,316502838","0,1","7,161663357","8,075161642","8,479271372"
"4,858885","45,78359","212,8",660,"2,885982562","2,329802177","0,1","7,97960372","7,596598396","7,782000572"
"4,858951667","45,78377",213,666,"2,907258873","2,346978163","0,2","10,30559152","8,746410767","8,253298618"
"4,859008333","45,7839","213,3",672,"2,922980342","2,359669824","0,3","7,614996679","8,764156024","8,987882176"
"4,859031667","45,784095","213,6",678,"2,944740622","2,37723651","0,3","10,54001124","9,323121471","8,774579263"
"4,859041667","45,78425333","213,9",684,"2,962318015","2,391426425","0,3","8,513949258","9,144583534","9,526353958"
"4,858968333","45,78444167","214,1",690,"2,984721136","2,409512065","0,2","10,85138367","9,85413542","9,296753279"
"4,858716667","45,78456667","214,4",696,"3,015944748","2,434718329","0,3","15,12375858","12,09284675","11,20723453"
"4,85842","45,784585","214,7",702,"3,048995051","2,461399248","0,3","16,00855159","14,6232008","13,78526127"
"4,85816","45,78456333","214,9",708,"3,078005203","2,484818626","0,2","14,05162655","15,04882297","14,92449119"
"4,857888333","45,78458667","215,1",714,"3,108323768","2,509294262","0,2","14,68538161","14,69651358","14,67697577"
"4,857618333","45,78461333","215,2",720,"3,138491541","2,533648166","0,1","14,6123426","14,52941499","14,6763398"
"4,857343333","45,78457333","215,4",726,"3,16938959","2,558591609","0,2","14,96606586","14,76843971","14,64162345"
"4,8571","45,78440833","215,6",732,"3,202043882","2,584952836","0,2","15,81673603","15,23558928","15,03738682"
"4,856855","45,78434","215,8",738,"3,230318987","2,607778823","0,2","13,69559236","14,79814453","15,10193392"
"4,856583333","45,784305",216,744,"3,260774875","2,632365318","0,2","14,75189666","14,54234281","14,4581293"
"4,856343333","45,78413167","216,3",750,"3,293653479","2,658907628","0,3","15,92538587","15,01003148","14,88181758"
"4,856098333","45,784215","216,6",756,"3,322418404","2,682129038","0,3","13,93284612","14,89367213","15,06920073"
"4,855878333","45,78434","216,9",762,"3,350529514","2,704822635","0,3","13,61615822","14,20467891","14,34992154"
"4,855648333","45,7844","217,2",768,"3,37695429","2,726154885","0,3","12,79934982","13,35277244","13,74705688"
"4,855405","45,78440167","217,4",774,"3,404012515","2,747998506","0,2","13,10617306","13,0854408","13,13742578"
"4,855141667","45,78438333","217,6",780,"3,433364262","2,771693647","0,2","14,21708467","13,48917306","13,31798925"
"4,854923333","45,784325","217,6",786,"3,458487342","2,791975061",0,"12,16884827","13,17560779","13,44348158"
"4,854655","45,78422333","217,6",792,"3,49037995","2,817721394",0,"15,44779969","13,89007612","13,32801831"
"4,85441","45,784195","217,4",798,"3,517802944","2,839859487","-0,2","13,28285596","13,92603192","14,23594916"
"4,854133333","45,78417333","217,2",804,"3,548660421","2,864770177","-0,2","14,94641403","14,38126794","13,93715555"
"4,853836667","45,78405667","216,8",810,"3,584090371","2,893372143","-0,4","17,16117951","15,49960861","15,10679408"
"4,853586667","45,78398167","216,5",816,"3,613104561","2,916794781","-0,3","14,05358243","15,47518758","15,70887464"
"4,853388333","45,78391167",216,822,"3,636482174","2,93566711","-0,5","11,32339766","13,58302794","14,21834805"
"4,853161667","45,78382167","215,6",828,"3,663587157","2,957548479","-0,4","13,1288212","12,59160403","12,81429751"
"4,852943333","45,78371167","215,2",834,"3,690752258","2,97947838","-0,4","13,15794051","12,77938422","12,86603648"
"4,852716667","45,78361","214,8",840,"3,718359175","3,001764951","-0,4","13,37194261","13,23771749","13,01146279"
"4,852508333","45,78348833","214,5",846,"3,745161715","3,023402162","-0,3","12,9823271","13,17329599","13,22690695"
"4,852255","45,78340167","214,3",852,"3,774922682","3,04742766","-0,2","14,41529827","13,63343867","13,36440578"
"4,851991667","45,78333667","214,1",858,"3,80507656","3,071770347","-0,2","14,60561229","14,20482964","14,06243127"
"4,851736667","45,78321333",214,864,"3,8365523","3,097180149","-0,1","15,24588164","14,82365723","14,53327484"
"4,851513333","45,78304167","213,9",870,"3,867832724","3,122432277","-0,1","15,15127657","15,07998574","15,01584842"
"4,85134","45,78290167","213,9",876,"3,892573162","3,142404791",0,"11,98350823","13,90309025","14,48207749"
"4,85111","45,78275167","213,9",882,"3,923073555","3,167027213",0,"14,77345351","13,73304001","13,5012883"
"4,850878333","45,78265333","213,9",888,"3,951042757","3,189606251",0,"13,54742234","13,72505199","14,00804053"
"4,850668333","45,782525","213,8",894,"3,97838198","3,211676717","-0,1","13,24227986","13,67057158","13,57520867"
"4,850445","45,78242333","213,8",900,"4,005650895","3,233690425",0,"13,20822483","13,28968634","13,44961472"
"4,850155","45,78232833","213,8",906,"4,039571637","3,261074034",0,"16,43016551","14,50381211","13,89334372"
"4,849901667","45,78222833","213,7",912,"4,06984156","3,285510402","-0,1","14,66182092","15,07843954","15,11331989"
"4,849695","45,78213","213,6",918,"4,09527359","3,306041226","-0,1","12,31849416","14,07815913","14,40146488"
"4,849558333","45,78202167","213,5",924,"4,114638762","3,321674383","-0,1","9,379894491","11,61171964","12,61060671"
"4,849376667","45,78187833","213,5",930,"4,140334329","3,342417956",0,"12,44614338","11,19411398","11,10905685"
"4,849191667","45,781735","213,4",936,"4,166322336","3,36339761","-0,1","12,58779234","11,88955319","11,84845847"
"4,849086667","45,78153833","213,4",942,"4,191043276","3,383354383",0,"11,974064","12,31397121","12,11592709"
"4,848945","45,78141167","213,5",948,"4,212140924","3,400386137","0,1","10,21905265","11,39480513","11,79301534"
"4,848668333","45,78138167","213,5",954,"4,243083861","3,425365818",0,"14,98780823","12,47755715","11,76068001"
"4,848455","45,78133667","213,7",960,"4,267323615","3,444934138","0,2","11,74099228","12,73533074","13,0833195"
"4,848261667","45,78115667","213,8",966,"4,296647559","3,468606835","0,1","14,20361775","13,37540566","12,7306866"
"4,84802","45,78091833",214,972,"4,334322761","3,499021352","0,2","18,24871061","15,3291298","14,59853028"
"4,847801667","45,78076167","214,3",978,"4,364167647","3,523114596","0,3","14,45594606","15,92258622","16,03036729"
"4,847603333","45,78062333","214,5",984,"4,391024438","3,544795603","0,2","13,00860462","14,63556239","14,89979785"
"4,84743","45,780465","214,6",990,"4,417086555","3,565835085","0,1","12,62368894","13,14410664","13,74510037"
"4,847286667","45,78031667","214,8",996,"4,439980335","3,584316825","0,2","11,08904382","12,08681403","12,57696877"
"4,847066667","45,78019","214,8",1002,"4,46818315","3,607084453",0,"13,6605773","12,42458624","12,10223562"
"4,846883333","45,78002333","214,9",1008,"4,495689004","3,629289438","0,1","13,3229908","13,01123601","12,97506447"
"4,846721667","45,77986667","214,8",1014,"4,520678276","3,649462831","-0,1","12,10403578","12,90292609","12,9233224"
"4,846546667","45,77969667","214,7",1020,"4,54776014","3,671325536","-0,1","13,11762307","12,7532617","12,70619839"
"4,8464","45,77955833","214,5",1026,"4,57014052","3,689392817","-0,2","10,84036863","12,00400384","12,4799915"
"4,846246667","45,77937167","214,3",1032,"4,596944405","3,711031115","-0,2","12,98297858","12,1528635","11,85070822"
"4,846088333","45,77918333",214,1038,"4,624246351","3,733071488","-0,3","13,22422403","12,65095477","12,61617013"
"4,846011667","45,77905167","213,8",1044,"4,6411427","3,746711609","-0,2","8,184072463","11,15991431","11,92955909"
"4,845926667","45,77892167","213,5",1050,"4,658370514","3,760619316","-0,3","8,344623928","9,256323362","9,704103681"
"4,845988333","45,77864167","213,3",1056,"4,690142509","3,78626828","-0,2","15,38937846","11,13041545","10,20942455"
"4,84609","45,77841",213,1062,"4,718190066","3,808910572","-0,3","13,5853751","13,25882621","12,89909628"
"4,84616","45,77821833","212,8",1068,"4,740807791","3,827169457","-0,2","10,95533126","12,89415823","12,89609188"
"4,8461","45,77808333","212,7",1074,"4,757185987","3,840391282","-0,1","7,933095066","10,27244555","11,32029751"
"4,84591","45,77794","212,5",1080,"4,783616219","3,861727936","-0,2","12,80199254","10,4851013","10,0765498"
"4,845751667","45,77778","212,4",1086,"4,808600802","3,881897544","-0,1","12,10176457","11,54812186","11,50350133"
"4,845616667","45,77763167","212,3",1092,"4,830859435","3,899866541","-0,1","10,78139812","11,71366359","11,56086993"
"4,845556667","45,77746833","212,1",1098,"4,850147194","3,915437204","-0,2","9,342398012","10,46987137","10,95973083"
"4,845496667","45,777315",212,1104,"4,868399477","3,930171946","-0,1","8,840845244","9,429576927","9,805824137"
"4,845436667","45,777135","211,9",1110,"4,889429521","3,947149125","-0,1","10,18630735","9,47934064","9,404303507"
"4,84546","45,77694667","211,7",1116,"4,910457207","3,9641244","-0,2","10,18516521","9,916758071","9,832595566"
"4,845708333","45,776805","211,6",1122,"4,942220123","3,989766035","-0,1","15,38498087","12,2653199","11,09092477"
"4,845966667","45,77666667","211,4",1128,"4,974778779","4,016050057","-0,2","15,77041289","14,49919055","13,90223679"
"4,84618","45,77659","211,3",1134,"4,999975293","4,036390752","-0,1","12,20441744","14,26692831","14,42160263"
"4,846433333","45,77649833","211,2",1140,"5,029919819","4,060564433","-0,1","14,50420861","13,837533","13,69563111"
"4,846645","45,77637833","211,2",1146,"5,056951884","4,082386937",0,"13,09350196","13,47996772","13,88872947"
"4,846826667","45,77624833","211,2",1152,"5,08176144","4,102415248",0,"12,01698687","12,94503726","13,07143182"
"4,847051667","45,776105","211,3",1158,"5,111394943","4,126337846","0,1","14,35355862","13,16691859","12,94832641"
"4,847361667","45,77600667","211,4",1164,"5,1475461","4,155522029","0,1","17,51051002","15,14902483","14,39162889"
"4,847543333","45,77588333","211,5",1170,"5,171934496","4,175210346","0,1","11,8129899","14,60011169","15,1902634"
"4,847708333","45,77578167","211,6",1176,"5,193463678","4,19259047","0,1","10,42807447","12,39852775","12,92956771"
"4,847985","45,77571333","211,8",1182,"5,225145622","4,218166737","0,2","15,34576052","12,67213198","12,39683832"
"4,848218333","45,77561333","211,9",1188,"5,253357863","4,240941976","0,1","13,66514297","13,68997629","13,67282274"
"4,848443333","45,77550167",212,1194,"5,281269002","4,26347414","0,1","13,51929841","13,94292865","13,64839072"
"4,84873","45,77543333","212,1",1200,"5,314031722","4,289922898","0,1","15,86925522","14,48845004","14,20110489"
"4,848965","45,775325","212,1",1206,"5,342787403","4,313136846",0,"13,92836861","14,62290921","14,79067531"
"4,849196667","45,77518833",212,1212,"5,372668354","4,337259204","-0,1","14,47341483","14,53456442","14,38464816"
"4,849443333","45,775095","211,9",1218,"5,401981232","4,360922967","-0,1","14,19825772","14,25434274","14,44895821"
"4,84968","45,77504","211,7",1224,"5,428993452","4,38272945","-0,2","13,08388965","13,80754192","14,00342662"
"4,849886667","45,77491","211,5",1230,"5,456114558","4,404623834","-0,2","13,13663069","13,32785968","13,45626399"
"4,850123333","45,77479167","211,2",1236,"5,485515852","4,428358974","-0,3","14,24108372","13,56786369","13,45313579"
"4,850356667","45,77469","210,9",1242,"5,513801314","4,451193322","-0,3","13,70060897","13,80400321","13,79637876"
"4,850586667","45,77461","210,7",1248,"5,540868532","4,473044204","-0,2","13,110529","13,57267193","13,6342901"
"4,850811667","45,774515","210,4",1254,"5,568011395","4,494956152","-0,3","13,14716911","13,24320104","13,34892849"
"4,85102","45,77441333","210,2",1260,"5,59377072","4,515751195","-0,2","12,4770258","12,87178376","13,06115641"
"4,851238333","45,774305",210,1266,"5,620853416","4,537614572","-0,2","13,11802606","12,86745457","12,80260483"
"4,851416667","45,77422167","209,9",1272,"5,642727711","4,5552733","-0,1","10,5952366","11,98071023","12,48818242"
"4,851456667","45,77401333","209,9",1278,"5,666234888","4,574250224",0,"11,38615449","11,41616165","11,44615699"
"4,851473333","45,77380833","209,9",1284,"5,68902371","4,592647233",0,"11,03820539","11,08879127","11,33156825"
"4,851583333","45,77366",210,1290,"5,709510606","4,609185938","0,1","9,923223142","10,66180231","10,84050188"
"4,851853333","45,77360167","210,2",1296,"5,740220965","4,633977862","0,2","14,87515459","12,12699217","11,28289902"
"4,852075","45,77353667","210,4",1302,"5,76589969","4,654707838","0,2","12,43798564","12,90990072","13,01363959"
"4,852388333","45,77346167","210,6",1308,"5,801718113","4,683623412","0,2","17,34934389","14,88996273","13,65621483"
"4,852655","45,77344833","210,8",1314,"5,831406917","4,707590653","0,2","14,38034473","15,17947258","15,52585348"
"4,852843333","45,77337167","211,1",1320,"5,854005905","4,725834412","0,3","10,94625563","13,60050892","14,09309083"
"4,853123333","45,77326667","211,3",1326,"5,887243023","4,752666144","0,2","16,09903904","13,69418681","13,30393896"
"4,85334","45,77313833","211,4",1332,"5,915218186","4,775249993","0,1","13,55030967","14,04899061","14,38686705"
"4,853546667","45,77307","211,6",1338,"5,939413467","4,794782412","0,2","11,71945093","13,32771205","13,43347839"
"4,853846667","45,772965","211,7",1344,"5,97474241","4,823302836","0,1","17,11225482","14,24274423","13,60214226"
"4,854091667","45,77289","211,8",1350,"6,003224265","4,846295729","0,1","13,79573571","14,70708639","15,0141957"
"4,854325","45,77299","211,9",1356,"6,031436506","4,869070967","0,1","13,66514297","14,40680243","14,2252925"
"4,854545","45,77315",212,1362,"6,06164712","4,893459457","0,1","14,63309347","14,07844171","14,2295628"
"4,85475","45,77332333","212,1",1368,"6,09145378","4,917521841","0,1","14,43743056","14,3612382","14,31663501"
"4,854923333","45,77344333","212,2",1374,"6,114868566","4,936424179","0,1","11,34140312","13,23815216","13,78012889"
"4,855098333","45,77349333","212,3",1380,"6,135100924","4,952757401","0,1","9,799932753","11,34402046","11,98148357"
"4,855296667","45,77348333","212,4",1386,"6,157182515","4,970583475","0,1","10,69564442","10,46651149","10,75111894"
"4,855405","45,77360667","212,5",1392,"6,175398963","4,985289288","0,1","8,82348787","9,767639466","10,20664665"
"4,85564","45,77372833","212,6",1398,"6,204802097","5,009025913","0,1","14,24197496","11,36531401","10,37926109"
"4,855958333","45,77375667","212,7",1404,"6,240338093","5,037713488","0,1","17,21254493","14,34650553","13,39775848"
"4,856236667","45,77377667","212,8",1410,"6,271366689","5,062762319","0,1","15,02929882","15,74513249","15,34287601"
"4,856511667","45,773815","212,8",1416,"6,302238767","5,087684796",0,"14,95348631","15,43562304","15,37205315"
"4,856761667","45,77384167","212,8",1422,"6,330193948","5,110252514",0,"13,540631","14,40350669","14,91198361"
"4,857018333","45,77387667","212,7",1428,"6,358996291","5,133504131","-0,1","13,95097025","13,98733776","14,05413669"
"4,857255","45,77392667","212,5",1434,"6,385889301","5,155214378","-0,2","13,02614799","13,4989735","13,78418955"
"4,857486667","45,773975","212,3",1440,"6,412200255","5,176454741","-0,2","12,74421794","13,09834042","13,20617473"
"4,85773","45,77410333","212,1",1446,"6,442766325","5,201130184","-0,2","14,80526543","13,62502295","13,33348868"
"4,857906667","45,77419","211,9",1452,"6,464631761","5,21878176","-0,2","10,59094557","12,70732799","13,37228022"
"4,858088333","45,77435667","211,6",1458,"6,492000637","5,240876164","-0,3","13,25664287","12,50008846","12,18227624"
"4,8582","45,77454667","211,4",1464,"6,516441084","5,260606501","-0,2","11,83820181","12,15612698","12,59467745"
"4,858301667","45,774735","211,1",1470,"6,5401732","5,279765014","-0,3","11,49510803","11,98465251","11,92854564"
"4,858351667","45,77490333","210,9",1476,"6,559634704","5,295475939","-0,2","9,426554753","10,73630547","11,32616961"
"4,858376667","45,77508","210,7",1482,"6,579404966","5,311436118","-0,2","9,576107645","9,900086565","10,11134069"
"4,858386667","45,77526167","210,5",1488,"6,599563465","5,327709714","-0,2","9,764157722","9,621417097","9,77570712"
"4,858423333","45,775455","210,3",1494,"6,621368638","5,345312641","-0,2","10,56175603","10,04558703","9,852307071"
"4,858435","45,77566667","210,1",1500,"6,644856252","5,364273772","-0,2","11,37667877","10,72820546","10,46665608"
"4,858473333","45,77586","209,9",1506,"6,66669653","5,381905039","-0,2","10,57875981","10,89452664","10,89285833"
"4,858478333","45,77604167","209,8",1512,"6,686831991","5,398160037","-0,1","9,752998823","10,40803921","10,57149103"
"4,858505","45,77622167","209,7",1518,"6,706994291","5,414436701","-0,1","9,76599881","9,923351015","10,08311901"
"4,858478333","45,77637","209,7",1524,"6,723694","5,427918078",0,"8,088826087","9,092529723","9,509240368"
"4,858443333","45,77653333","209,6",1530,"6,742204436","5,442861223","-0,1","8,965886627","8,775084848","8,766090013"
"4,858455","45,77674333","209,7",1536,"6,765507716","5,461673544","0,1","11,28739304","9,719077086","9,334787021"
"4,858498333","45,77696167","209,7",1542,"6,790173544","5,481585827",0,"11,94736944","11,08708232","10,63523034"
"4,85851","45,77713667","209,9",1548,"6,809606546","5,497273742","0,2","9,41274926","10,80152609","11,01030184"
"4,858521667","45,777345","210,1",1554,"6,832725192","5,515937012","0,2","11,197962","10,63375839","10,46418022"
"4,85855","45,77753167","210,3",1560,"6,853645236","5,53282539","0,2","10,13302673","10,41494535","10,70287314"
"4,858458333","45,77768667","210,5",1566,"6,873615525","5,548947048","0,2","9,672994579","10,16200092","10,18197961"
"4,858483333","45,77791667","210,8",1572,"6,899249462","5,569640867","0,3","12,4162917","10,86231986","10,46615718"
"4,858581667","45,778145","211,1",1578,"6,926809491","5,591889586","0,3","13,34923151","12,2408082","11,82589374"
"4,858648333","45,77831","211,4",1584,"6,946536397","5,607814765","0,3","9,55510733","11,64499388","12,03619502"
"4,858626667","45,778425","211,7",1590,"6,959503669","5,618283012","0,3","6,280948251","9,004268534","9,945218787"
"4,858661667","45,77857167",212,1596,"6,97621336","5,631772448","0,3","8,093661061","7,660865191","8,005150954"
"4,858656667","45,778735","212,2",1602,"6,994318644","5,64638852","0,2","8,769643443","8,001511452","8,012459603"
"4,858696667","45,77895167","212,4",1608,"7,018732895","5,666097709","0,2","11,82551327","9,856794898","8,996751413"
"4,858731667","45,77915333","212,6",1614,"7,041412896","5,684406868","0,2","10,98549584","10,87833233","10,6731506"
"4,858703333","45,779375","212,8",1620,"7,066173907","5,70439599","0,2","11,99347316","11,55669026","11,13350955"
"4,858756667","45,779625","212,9",1626,"7,094500443","5,727263497","0,1","13,72050395","12,48269001","12,12048787"
"4,858803333","45,77987833","213,1",1632,"7,123044094","5,750306277","0,2","13,82566779","13,41716333","13,12262975"
"4,858835","45,78008167","213,2",1638,"7,145845964","5,768713819","0,1","11,04452544","12,69217808","13,06518709"
"4,858873333","45,780265","213,4",1644,"7,166600566","5,785468639","0,2","10,05289171","11,20410042","11,67002501"
"4,858901667","45,78045333","213,5",1650,"7,18770334","5,802504531","0,1","10,22153553","10,31867598","10,66222483"
"4,858843333","45,78064333","213,7",1656,"7,209731193","5,820287223","0,2","10,66961538","10,3670387","10,35972173"
"4,858733333","45,780815","213,9",1662,"7,232344534","5,83854257","0,2","10,95320778","10,69343637","10,57504552"
"4,858678333","45,78096","214,1",1668,"7,24953464","5,852419835","0,2","8,326359331","9,845749922","10,29795239"
"4,858673333","45,78117833","214,3",1674,"7,273731411","5,871953456","0,2","11,72017264","10,20925434","9,764817288"
"4,858671667","45,781345","214,5",1680,"7,292198462","5,886861577","0,2","8,944872266","9,931289828","10,40965342"
"4,85866","45,78154333","214,7",1686,"7,314210966","5,904631878","0,2","10,6621808","10,18685575","9,781542753"
"4,858686667","45,78174333","214,9",1692,"7,336567574","5,922679968","0,2","10,8288542","10,38538845","10,45785296"
"4,858735","45,781915",215,1698,"7,356332136","5,938635546","0,1","9,57334674","10,29331654","10,35601984"
"4,858851667","45,78208","215,1",1704,"7,378748529","5,9567319","0,1","10,85781222","10,33823443","10,19022473"
"4,85886","45,782285","215,1",1710,"7,401480528","5,975083037",0,"11,01068207","10,66206707","10,62859729"
"4,858855","45,78247167","215,1",1716,"7,422169672","5,991785013",0,"10,02118586","10,58430962","10,63847533"
"4,858831667","45,78267667",215,1722,"7,44503036","6,010240038","-0,1","11,07301507","10,63981679","10,51311358"
"4,858826667","45,78291","214,9",1728,"7,470888686","6,031115003","-0,1","12,52497884","11,44343474","11,14680868"
"4,858813333","45,78310333","214,7",1734,"7,49236044","6,048448767","-0,2","10,40025811","11,38469779","11,55926264"
"4,858793333","45,78328333","214,5",1740,"7,5124273","6,064648384","-0,2","9,719770605","10,55300725","10,75638045"
"4,85882","45,78345167","214,3",1746,"7,531312267","6,079893881","-0,2","9,14729794","9,626879039","10,0218944"
"4,858898333","45,78364833","214,1",1752,"7,554778384","6,098837658","-0,2","11,36626628","10,14937981","9,830882158"
"4,858998333","45,78382167","213,8",1758,"7,5769697","6,116752311","-0,3","10,74879184","10,67548284","10,63432816"
"4,859048333","45,78401833","213,7",1764,"7,599457345","6,134906185","-0,1","10,8923245","10,92969979","10,74084387"
"4,859085","45,78420833","213,5",1770,"7,620899696","6,152216212","-0,2","10,3860162","10,66109465","10,80975049"
"4,859123333","45,78436667","213,4",1776,"7,638952387","6,166789827","-0,1","8,74416901","9,830538983","10,19518598"
"4,858983333","45,78449833","213,3",1782,"7,660286653","6,184012599","-0,1","10,33366314","9,7083361","9,605252823"
"4,85864","45,784535","213,2",1788,"7,698679149","6,215006175","-0,1","18,59614579","13,32075737","11,67349615"
"4,858281667","45,78457667","213,2",1794,"7,738790633","6,24738746",0,"19,42877078","17,27669925","16,12497658"
"4,858026667","45,78457833","213,2",1800,"7,767146107","6,270278328",0,"13,73452063","16,98454572","17,21388499"
"4,857721667","45,78460167","213,2",1806,"7,801159054","6,297736372",0,"16,47482678","15,96949312","15,90759441"
"4,857475","45,78454667","213,3",1812,"7,829255893","6,320418449","0,1","13,60924578","14,78053315","15,64904375"
"4,857276667","45,78450167","213,3",1818,"7,851866245","6,338671382",0,"10,95176","13,11936767","13,66339231"
"4,857016667","45,784405","213,4",1824,"7,882696985","6,363560488","0,1","14,93346345","13,07593854","12,83190453"
"4,856723333","45,78435833","213,6",1830,"7,915721508","6,390220595","0,2","15,99606455","14,5621632","14,21722122"
"4,85644","45,784215","213,7",1836,"7,951002842","6,418702586","0,1","17,08919448","16,2207963","15,49773986"
"4,85621","45,78419167","213,8",1842,"7,976708053","6,439453944","0,1","12,45081464","15,01521656","15,72731942"
"4,856006667","45,784295","213,9",1848,"8,002051333","6,459913121","0,1","12,27550638","13,3083673","13,69795395"
"4,855793333","45,7844","214,1",1854,"8,028472186","6,481242204","0,2","12,79744964","12,51934534","12,8963255"
"4,855541667","45,78444333","214,2",1860,"8,056865142","6,50416333","0,1","13,75267576","13,07515144","12,84944271"
"4,855283333","45,78442333","214,4",1866,"8,085675933","6,527421767","0,2","13,9550622","13,64258511","13,45439089"
"4,85503","45,78439333","214,5",1872,"8,114040782","6,550320203","0,1","13,73906159","13,82818467","13,75562354"
"4,854801667","45,78434833","214,7",1878,"8,139915136","6,571208107","0,2","12,53274231","13,299734","13,54235928"
"4,85456","45,78430333","214,8",1884,"8,167245787","6,593271654","0,1","13,23812785","13,05616038","13,05731527"
"4,854315","45,78422833",215,1890,"8,1957278","6,616264674","0,2","13,79581224","13,3201245","13,25868099"
"4,854","45,78413333","215,1",1896,"8,232301431","6,645789913","0,1","17,71514345","15,25200785","14,34183461"
"4,85371","45,78403333","215,3",1902,"8,266398273","6,673315685","0,2","16,51546294","16,451405","16,24363955"
"4,853456667","45,78395","215,4",1908,"8,296042266","6,697246751","0,1","14,35863966","15,89266973","16,05206931"
"4,853228333","45,78388","215,6",1914,"8,322590053","6,718678305","0,2","12,85893257","14,19012148","14,82571328"
"4,852998333","45,78375667","215,7",1920,"8,351586687","6,74208677","0,1","14,04507884","13,6333325","13,76175628"
"4,85283","45,783665","215,8",1926,"8,372882475","6,759278479","0,1","10,31502558","12,31582828","13,09319502"
"4,852563333","45,78355667","215,9",1932,"8,404871586","6,785102717","0,1","15,49454278","13,13284311","12,35133037"
"4,852315","45,78345",216,1938,"8,43490777","6,809350392","0,1","14,54860493","14,0802642","14,12450538"
"4,852066667","45,783325",216,1944,"8,465799838","6,834289007",0,"14,96316885","14,90361807","14,39734735"
"4,85179","45,78318",216,1950,"8,500506189","6,862306824",0,"16,81069038","15,61926468","15,30289777"
"4,851563333","45,78305333","215,9",1956,"8,529354338","6,885595419","-0,1","13,97315727","15,30617283","15,6474709"
"4,851348333","45,78293","215,8",1962,"8,556891139","6,907825387","-0,1","13,33798058","14,28659321","14,51262971"
"4,851148333","45,782835","215,7",1968,"8,581495137","6,927687755","-0,1","11,91742089","12,89679204","13,52817496"
"4,850886667","45,78272","215,4",1974,"8,613258763","6,953329963","-0,3","15,38532478","13,58869438","13,10068724"
"4,850673333","45,78261667","215,2",1980,"8,639598817","6,974593818","-0,2","12,75831309","13,64093932","13,96160724"
"4,850503333","45,78250667","214,9",1986,"8,66209047","6,992750928","-0,3","10,89426585","12,53809653","12,82681676"
"4,850223333","45,78238","214,5",1992,"8,696242116","7,020320942","-0,4","16,54200831","13,52617228","12,84572969"
"4,849966667","45,78230667","214,1",1998,"8,725916193","7,044276294","-0,4","14,37321142","14,54494106","14,60033092"
"4,849753333","45,78219667","213,8",2004,"8,752585409","7,065805876","-0,3","12,91774905","14,22478585","14,16798377"
"4,849581667","45,78206167","213,4",2010,"8,776835943","7,085382899","-0,4","11,74621378","12,74022742","13,3369604"
"4,849381667","45,78193833","213,1",2016,"8,802937799","7,106454461","-0,3","12,6429373","12,33921024","12,4225653"
"4,849231667","45,78180667","212,8",2022,"8,825096803","7,124343029","-0,3","10,7331409","11,69967403","12,10911449"
"4,849078333","45,78164667","212,5",2028,"8,849692742","7,144198892","-0,3","11,91351736","11,58725076","11,45248276"
"4,848973333","45,78144833","212,3",2034,"8,874576658","7,164287232","-0,2","12,05300457","11,73323695","11,7782815"
"4,848835","45,78137333","212,1",2040,"8,892059967","7,178401196","-0,2","8,468377858","10,59125644","11,17619542"
"4,848568333","45,78132333",212,2046,"8,922225051","7,202752929","-0,1","14,61104013","11,64236811","10,75834961"
"4,848413333","45,78128667","211,9",2052,"8,939932711","7,217048007","-0,1","8,577046591","10,96891026","11,91990541"
"4,848275","45,78119333","211,8",2058,"8,958467719","7,232010988","-0,1","8,977788549","9,944142083","9,853126818"
"4,848113333","45,78101667","211,8",2064,"8,985044177","7,253465688",0,"12,87281993","10,45565271","10,23997159"
"4,847951667","45,78085333","211,8",2070,"9,010552286","7,274057928",0,"12,35534449","11,88682347","11,56074123"
"4,847755","45,78071333","211,7",2076,"9,037363399","7,295702061","-0,1","12,9864796","12,71129362","12,247311"
"4,847575","45,78055833","211,7",2082,"9,063736281","7,316992418",0,"12,77421396","12,77534632","12,80643348"
"4,847408333","45,78042833","211,6",2088,"9,087207774","7,335940535","-0,1","11,36887025","12,25452961","12,4937114"
"4,847161667","45,78022167","211,6",2094,"9,122937641","7,364784618",0,"17,30645009","14,02497093","12,9992159"
"4,846991667","45,78007167","211,5",2100,"9,148107852","7,38510408","-0,1","12,19167707","14,07302492","14,64275591"
"4,846838333","45,77990833","211,3",2106,"9,172971296","7,405175894","-0,2","12,04308856","13,15519627","13,10263329"
"4,846701667","45,77975667","211,2",2112,"9,195628038","7,423466277","-0,1","10,97422989","11,6452628","12,38537068"
"4,84654","45,779575","211,1",2118,"9,222615223","7,44525255","-0,1","13,07176347","12,02701506","11,72925306"
"4,846383333","45,77943","210,9",2124,"9,246313135","7,464383451","-0,2","11,47854066","12,01496763","12,2307447"
"4,84623","45,779285","210,8",2130,"9,269739658","7,483295265","-0,1","11,34708817","11,74460423","11,72046365"
"4,846111667","45,77915","210,7",2136,"9,289661146","7,499377526","-0,1","9,649356874","10,69428615","11,20629994"
"4,845991667","45,77901333","210,7",2142,"9,309843774","7,515670601",0,"9,775845069","10,03949841","10,19711915"
"4,845976667","45,778805","210,7",2148,"9,332986773","7,534353531",0,"11,20975785","10,32411254","10,1944543"
"4,846018333","45,77855833","210,8",2154,"9,360706742","7,556731367","0,1","13,42670153","11,80975277","11,21032393"
"4,846145","45,77837167","210,9",2160,"9,385729352","7,576931673","0,1","12,12018368","12,46070566","12,35692358"
"4,846246667","45,77821833","211,1",2166,"9,406135804","7,593405437","0,2","9,884258539","11,4871172","11,84325964"
"4,846103333","45,778095","211,3",2172,"9,427129818","7,61035353","0,2","10,16885552","10,44528236","10,74260726"
"4,84593","45,77794","211,5",2178,"9,452944714","7,631193434","0,2","12,50394269","11,04597099","10,77408638"
"4,845728333","45,77778667","211,7",2184,"9,481077776","7,653904753","0,2","13,62679109","12,48606462","11,99952652"
"4,845585","45,777635","211,9",2190,"9,504238293","7,672601824","0,2","11,21824303","12,43880219","12,57471824"
"4,845496667","45,77746833","212,1",2196,"9,525154458","7,689487071","0,2","10,13114786","11,26511457","11,61110357"
"4,84543","45,77730167","212,3",2202,"9,545053314","7,705551062","0,2","9,638394628","10,1514656","10,59958057"
"4,845425","45,777155","212,4",2208,"9,561313045","7,718677252","0,1","7,875714259","9,031873127","9,542394041"
"4,845498333","45,77700667","212,4",2214,"9,57965989","7,733488333",0,"8,886648172","8,632623898","8,655980475"
"4,845685","45,77687167","212,5",2220,"9,605244204","7,754142092","0,1","12,39225585","10,08670446","9,46075757"
"4,845881667","45,776735","212,5",2226,"9,631843374","7,775615127",0,"12,88382092","11,88776034","11,33779317"
"4,846116667","45,77662333","212,5",2232,"9,660755186","7,798955117",0,"14,00399367","13,23357701","12,60982518"
"4,846331667","45,77655667","212,5",2238,"9,685777076","7,819154842",0,"12,11983494","13,02629563","13,24195359"
"4,846556667","45,77641","212,5",2244,"9,715610182","7,843238575",0,"14,45024019","13,42882878","13,03914633"
"4,846798333","45,776265","212,6",2250,"9,746918542","7,868513255","0,1","15,16480791","14,26998623","14,08244803"
"4,847073333","45,776155","212,7",2256,"9,779836458","7,895087301","0,1","15,9444274","15,33374216","14,87332096"
"4,84731","45,77604333","212,8",2262,"9,808915963","7,918562666","0,1","14,08521901","15,04482014","15,2672431"
"4,847541667","45,77596333","212,9",2268,"9,836158258","7,940554884","0,1","13,19533092","14,10110545","14,38704196"
"4,847741667","45,775835",213,2274,"9,862554198","7,961863855","0,1","12,78538255","13,20932919","13,56622851"
"4,847935","45,775715",213,2280,"9,887831066","7,982269419",0,"12,24333845","12,65055458","12,88894705"
"4,848153333","45,77559",213,2286,"9,91578125","8,004833103",0,"13,5382106","12,86969613","12,70592095"
"4,848346667","45,7755","212,9",2292,"9,939479162","8,023964004","-0,1","11,47854066","12,4553682","12,79201938"
"4,84866","45,77541833","212,7",2298,"9,975476043","8,053023643","-0,2","17,43578347","14,27337177","13,15840299"
"4,848905","45,775345","212,4",2304,"10,00390453","8,075973453","-0,3","13,76988589","14,77797587","15,1213981"
"4,849146667","45,77526167",212,2310,"10,03231874","8,098911738","-0,4","13,76297055","14,50029927","14,27254781"
"4,849371667","45,77516667","211,6",2316,"10,05946177","8,120823821","-0,4","13,14725","13,5180654","14,0084908"
"4,849621667","45,77508333","211,1",2322,"10,08875374","8,144470705","-0,5","14,18813053","13,68674632","13,5408338"
"4,849836667","45,77494167","210,6",2328,"10,11735306","8,167558425","-0,5","13,85263214","13,84575507","13,87033875"
"4,850065","45,77478833","210,1",2334,"10,14790203","8,192220063","-0,5","14,79698272","14,29747205","14,03806372"
"4,8503","45,77466333","209,6",2340,"10,17747616","8,21609473","-0,5","14,32480017","14,41923958","14,45279087"
"4,850556667","45,774555","209,2",2346,"10,20843744","8,241089218","-0,4","14,99669302","14,68799382","14,50639844"
"4,850806667","45,774485","208,8",2352,"10,23729777","8,264387647","-0,4","13,97905737","14,45526019","14,63881629"
"4,851048333","45,77438333","208,5",2358,"10,26643533","8,287909879","-0,3","14,11333907","14,23629718","14,24401512"
"4,851293333","45,77428667","208,2",2364,"10,29570775","8,311540981","-0,3","14,17866111","14,11261154","14,18788253"
"4,851488333","45,77414667",208,2370,"10,32236801","8,333063333","-0,2","12,91341104","13,65949667","13,89258631"
"4,851573333","45,77397833","207,8",2376,"10,34327685","8,349942666","-0,2","10,12759986","12,05213658","12,72929162"
"4,85164","45,77381","207,7",2382,"10,36334663","8,366144641","-0,1","9,721184964","10,52219614","11,00858524"
"4,851716667","45,77362833","207,6",2388,"10,38520568","8,383791061","-0,1","10,58785239","10,14913491","10,29502404"
"4,85177","45,773475","207,6",2394,"10,40319961","8,39831724",0,"8,715706986","9,665660744","9,994064572"
"4,851893333","45,77335667","207,6",2400,"10,42217242","8,41363365",0,"9,189846391","9,279791829","9,285511746"
"4,852051667","45,77320333","207,6",2406,"10,4466383","8,433384518",0,"11,85052077","10,15928826","9,766953986"
"4,852226667","45,77311","207,7",2412,"10,46867454","8,451173981","0,1","10,67367779","10,8476487","10,76953592"
"4,852493333","45,77297667","207,9",2418,"10,50180261","8,477917681","0,2","16,04621954","13,05806308","11,83517159"
"4,852705","45,7729","208,1",2424,"10,52682468","8,498117551","0,2","12,11992212","13,40119222","13,76688183"
"4,852978333","45,77282333","208,4",2430,"10,55838263","8,52359372","0,3","15,28570164","14,17149341","13,39371308"
"4,853233333","45,77274","208,8",2436,"10,5882029","8,547667092","0,4","14,44402282","14,31587421","14,56026176"
"4,853425","45,7726","209,3",2442,"10,61456262","8,568946823","0,5","12,7678387","13,94188493","14,04471169"
"4,853621667","45,77247833","209,8",2448,"10,64025205","8,589685441","0,5","12,44317081","12,97320837","13,28992824"
"4,853898333","45,77246","210,4",2454,"10,67108293","8,61457466","0,6","14,93353126","13,50424857","13,20626168"
"4,854095","45,77250667",211,2460,"10,69355454","8,632715589","0,6","10,88455764","12,81586972","13,40909519"
"4,854428333","45,77256833","211,7",2466,"10,73124409","8,66314169","0,7","18,25566034","14,64279344","13,32443422"
"4,854733333","45,77261333","212,5",2472,"10,7655231","8,690814522","0,8","16,60369952","16,12065547","16,11883473"
"4,854981667","45,77267","213,2",2478,"10,7938412","8,713675218","0,7","13,71641781","15,779179","15,78472116"
"4,855243333","45,77271",214,2484,"10,82327283","8,737434848","0,8","14,25577754","14,50961805","14,85567035"
"4,855508333","45,77273167","214,8",2490,"10,85283706","8,761301522","0,8","14,32000491","14,17359654","14,39554327"
"4,855748333","45,77272833","215,5",2496,"10,87952637","8,782847326","0,7","12,92748197","13,75015026","13,96829614"
"4,856005","45,77271667","216,3",2502,"10,90809559","8,805910747","0,8","13,83805263","13,57021482","13,52093025"
"4,856313333","45,77271667","217,1",2508,"10,94238077","8,83358856","0,8","16,60668808","14,76339268","14,25786082"
"4,856585","45,77273833","217,8",2514,"10,97268388","8,85805172","0,7","14,67789569","15,28144403","15,2992819"
"4,856873333","45,772815","218,5",2520,"11,00585123","8,884827129","0,7","16,06524556","15,61859412","15,25713983"
"4,857076667","45,77284667","219,2",2526,"11,02873162","8,903298059","0,7","11,08255812","13,79470061","14,84538235"
"4,857331667","45,77287667","219,8",2532,"11,05728049","8,926345052","0,6","13,82819571","13,17735064","12,98775688"
"4,857603333","45,77291167","220,4",2538,"11,08773652","8,950931661","0,6","14,75196544","13,64857608","13,68752712"
"4,857903333","45,77291833",221,2544,"11,12110314","8,977867938","0,6","16,16176583","15,13113165","14,48223084"
"4,858193333","45,77291167","221,5",2550,"11,1533581","9,003906791","0,5","15,62331187","15,66442417","15,53875795"
"4,858393333","45,77285667",222,2556,"11,17641663","9,02252153","0,5","11,16884366","13,94921538","14,75297438"
"4,858603333","45,77289","222,5",2562,"11,20005761","9,041606471","0,5","11,45096455","12,17258566","12,6154537"
"4,85875","45,77312167","222,8",2568,"11,23046819","9,066156389","0,3","14,72995085","12,70613489","12,46757237"
"4,858796667","45,77334","223,2",2574,"11,25520899","9,086129195","0,4","11,98368358","12,97564668","13,16878942"
"4,858851667","45,77351667","223,4",2580,"11,27571612","9,102684235","0,2","9,93302387","11,71267315","12,06953319"
"4,858883333","45,77369333","223,6",2586,"11,29560433","9,118739632","0,2","9,633238033","10,22324148","10,76289134"
"4,8589","45,773875","223,6",2592,"11,3158173","9,135057201",0,"9,790541802","9,756116708","9,959700508"
"4,858913333","45,77405167","223,6",2598,"11,33544734","9,150904182",0,"9,508188415","9,646139693","9,716858577"
"4,858928333","45,77421167","223,4",2604,"11,35325296","9,165278341","-0,2","8,624495406","9,211181889","9,400425452"
"4,858925","45,77439","223,1",2610,"11,37301501","9,181231891","-0,3","9,572130004","9,180287847","9,107365567"
"4,85899","45,77457833","222,6",2616,"11,39509803","9,199059119","-0,5","10,69633658","9,832285715","9,601050241"
"4,859033333","45,77479167","222,1",2622,"11,41922056","9,218532806","-0,5","11,68421258","10,86664566","10,46188635"
"4,859111667","45,77501167","221,5",2628,"11,44510519","9,239429006","-0,6","12,53771969","11,82804022","11,44613054"
"4,85916","45,77516","220,7",2634,"11,46239619","9,253387721","-0,8","8,375229285","10,70202211","11,35038188"
"4,85914","45,77531167",220,2640,"11,4793466","9,267071484","-0,7","8,210257951","9,141738833","9,505631429"
"4,859165","45,77546333","219,2",2646,"11,49637869","9,280821186","-0,8","8,249821234","8,259077531","8,683911049"
"4,859215","45,77560167","218,3",2652,"11,5126827","9,293983123","-0,9","7,897161646","8,100844742","8,183917465"
"4,85923","45,77576667","217,5",2658,"11,5310401","9,308802724","-0,8","8,89176069","8,365533181","8,197923003"
"4,859295","45,775935","216,7",2664,"11,55104241","9,324950231","-0,8","9,688504568","9,011538432","8,787995711"
"4,85937","45,77614333","215,9",2670,"11,57558534","9,3447633","-0,8","11,88784143","10,40889054","9,789888872"
"4,859381667","45,77634333","215,1",2676,"11,59778234","9,362682542","-0,8","10,75154499","10,99345548","10,92110669"
"4,85934","45,776545","214,3",2682,"11,6206014","9,381103962","-0,8","11,05285175","11,09932698","10,93276159"
"4,859308333","45,776725","213,6",2688,"11,64085291","9,397452644","-0,7","9,809209394","10,49513346","10,82736089"
"4,859303333","45,776935","212,8",2694,"11,66412658","9,416241062","-0,8","11,27305087","10,64347445","10,44493972"
"4,85934","45,77716",212,2700,"11,68938686","9,436633235","-0,8","12,23530373","11,36518372","11,15071323"
"4,859345","45,77736833","211,1",2706,"11,71247586","9,455272572","-0,9","11,18360239","11,62217262","11,58990346"
"4,859353333","45,77753333","210,3",2712,"11,73078041","9,470049509","-0,8","8,866161773","10,46696641","10,93939938"
"4,859596667","45,77762833","209,6",2718,"11,75981292","9,493486935","-0,7","14,06245607","11,40816762","10,70582295"
"4,859661667","45,77778833","208,8",2724,"11,77895693","9,508941553","-0,8","9,272770412","11,10732295","11,77737471"
"4,859688333","45,77796833","208,1",2730,"11,79911923","9,525218217","-0,7","9,76599881","10,4279989","10,28869236"
"4,859673333","45,77809","207,5",2736,"11,81270227","9,536183563","-0,6","6,579207356","8,392636549","9,459640566"
"4,859655","45,77823333",207,2742,"11,82871316","9,549108868","-0,5","7,755183322","7,686956033","7,721117146"
"4,859626667","45,77846833","206,6",2748,"11,85493989","9,570281239","-0,4","12,70342243","9,49928377","8,710717498"
"4,859578333","45,77863167","206,2",2754,"11,87381769","9,58552095","-0,4","9,143826465","10,28993622","10,38943391"
"4,859575","45,77881667",206,2760,"11,89431778","9,602070306","-0,2","9,92961391","10,17006064","9,874038832"
"4,85956","45,77898333","205,8",2766,"11,91285911","9,617038391","-0,2","8,980850732","9,39295115","9,860084637"
"4,85985","45,77922167","205,7",2772,"11,95453798","9,650684998","-0,1","20,18796441","13,65344884","11,42832368"
"4,860158333","45,77939667","205,6",2778,"11,99392595","9,682482203","-0,1","19,07832282","17,50268504","16,69877831"
"4,860423333","45,77952333","205,6",2784,"12,02656395","9,708830278",0,"15,80884468","17,99245988","17,6366083"
"4,860636667","45,77952333","205,6",2790,"12,05028562","9,727980358",0,"11,49004831","14,73522176","16,03689301"
"4,860901667","45,77952167","205,5",2796,"12,0797529","9,751768767","-0,1","14,27304531","13,46700638","13,66923443"
"4,861163333","45,77953167","205,5",2802,"12,10886988","9,775274385",0,"14,10337075","13,64857608","13,83609093"
"4,861431667","45,77953","205,4",2808,"12,13870782","9,799362021","-0,1","14,45258163","14,27699001","13,94581559"
"4,86172","45,77951167","205,3",2814,"12,17083343","9,825296452","-0,1","15,56065871","14,82597028","14,58640123"
"4,86194","45,779505","205,2",2820,"12,19530778","9,845054158","-0,1","11,85462338","13,85662916","14,45210743"
"4,862243333","45,77947667","205,1",2826,"12,22918265","9,872400735","-0,1","16,40794652","14,4171597","13,7662909"
"4,86246","45,77943667","204,9",2832,"12,25367927","9,892176419","-0,2","11,86541028","13,6802674","14,50404586"
"4,86272","45,779395","204,7",2838,"12,28295631","9,915811251","-0,2","14,1808989","13,70011298","13,23593656"
"4,862966667","45,77938","204,4",2844,"12,31043479","9,937994137","-0,3","13,30973168","13,36933429","13,76627249"
"4,863205","45,77940333","204,1",2850,"12,33706207","9,959489864","-0,3","12,89743654","13,31904707","13,25707395"
"4,863451667","45,77935","203,8",2856,"12,36511958","9,982140191","-0,3","13,59019602","13,25699936","13,2467937"
"4,863698333","45,77933333","203,5",2862,"12,39260971","10,00433248","-0,3","13,31537458","13,34171555","13,3686334"
"4,863973333","45,779325","203,1",2868,"12,42320215","10,02902921","-0,4","14,81803825","13,97140434","13,6290778"
"4,864215","45,77925667","202,8",2874,"12,45112056","10,05156725","-0,3","13,52282026","13,99941832","14,13567769"
"4,864501667","45,77922333","202,4",2880,"12,48320967","10,07747221","-0,4","15,54297923","14,58992744","14,16515108"
"4,864788333","45,7792","202,1",2886,"12,51519033","10,10328963","-0,3","15,49044938","15,11793549","15,05594737"
"4,865073333","45,77916","201,8",2892,"12,5471893","10,12912182","-0,3","15,49931818","15,50450287","15,3059662"
"4,865321667","45,779125","201,6",2898,"12,57507378","10,15163247","-0,2","13,50638561","14,70037139","15,10332401"
"4,865578333","45,77911","201,4",2904,"12,60366224","10,17471142","-0,2","13,84737189","14,04136664","14,17157576"
"4,8658","45,77908667","201,2",2910,"12,62844562","10,1947186","-0,2","12,00430802","13,04194909","13,57575649"
"4,866058333","45,77907667",201,2916,"12,65719237","10,21792534","-0,2","13,92404271","13,14081467","12,90707549"
"4,866321667","45,779065","200,9",2922,"12,68650233","10,24158674","-0,1","14,19684433","13,64921642","13,58698901"
"4,866578333","45,77903167","200,7",2928,"12,7152801","10,26481852","-0,2","13,93906784","14,03917341","13,87147508"
"4,866858333","45,77901667","200,6",2934,"12,74645908","10,28998876","-0,1","15,10214021","14,45585209","14,2217351"
"4,867131667","45,77901667","200,5",2940,"12,77685232","10,31452468","-0,1","14,72155189","14,71729041","14,70287849"
"4,867371667","45,77900833","200,4",2946,"12,80355497","10,33608125","-0,1","12,93394345","14,08262618","14,36189946"
"4,8676","45,779005","200,4",2952,"12,82894728","10,35658001",0,"12,29925501","13,03758976","13,38134713"
"4,867843333","45,77898","200,4",2958,"12,85614603","10,37853707",0,"13,17423906","12,77618632","12,8434192"
"4,8681","45,77894333","200,6",2964,"12,88497371","10,40180915","0,2","13,96324271","13,31484371","13,13301342"
"4,86845","45,77896167","200,9",2970,"12,92394485","10,43326985","0,3","18,87642317","15,77071416","14,6216793"
"4,868788333","45,77897","201,3",2976,"12,96157709","10,46364969","0,4","18,22790113","17,63437826","17,19386426"
"4,86907","45,778975","201,8",2982,"12,99290185","10,48893761","0,5","15,17275157","17,13554571","17,32010979"
"4,869321667","45,77896833","202,5",2988,"13,0208957","10,51153654","0,7","13,55936107","15,13842528","15,83147054"
"4,869595","45,77896333","203,2",2994,"13,05129397","10,53607652","0,7","14,72398827","14,34789005","14,58181862"
"4,869861667","45,77896833","203,9",3000,"13,08095119","10,56001826","0,7","14,36504641","14,34748609","14,46415079"
"4,87013","45,77896667","204,7",3006,"13,11078913","10,5841059","0,8","14,45258163","14,47184887","14,37377329"
"4,870421667","45,77896833","205,5",3012,"13,14322145","10,61028793","0,8","15,70921961","14,93772978","14,71354284"
"4,870696667","45,77899167","206,2",3018,"13,1739092","10,63506161","0,7","14,86420349","15,11988556","15,15447147"
"4,870958333","45,77901833","206,9",3024,"13,20315482","10,65867107","0,7","14,16568001","14,75379732","14,85233983"
"4,871213333","45,77902167","207,5",3030,"13,23151188","10,68156322","0,6","13,73528884","14,13322824","14,37366043"
"4,871498333","45,77902333","208,1",3036,"13,26320293","10,70714684","0,6","15,35017119","14,46732002","14,25723501"
"4,871758333","45,77903","208,7",3042,"13,29212316","10,73049362","0,6","14,00807109","14,49035468","14,64032558"
"4,872005","45,77906833","209,2",3048,"13,31987806","10,75289966","0,5","13,44362103","14,05071109","14,13632287"
"4,872288333","45,77911833","209,7",3054,"13,35186646","10,77872332","0,5","15,4941984","14,37674199","14,15728153"
"4,872558333","45,77917167","210,2",3060,"13,3824651","10,80342506","0,5","14,82104134","14,8148201","14,80083878"
"4,872828333","45,77922833","210,6",3066,"13,41313728","10,82818616","0,4","14,85666186","14,96992096","14,82505482"
"4,873085","45,77927667","211,1",3072,"13,44217538","10,8516281","0,5","14,0651637","14,53293849","14,75499178"
"4,873311667","45,77928667","211,5",3078,"13,46740389","10,87199463","0,4","12,21991532","13,48536398","13,93000142"
"4,87355","45,77931167","211,9",3084,"13,49404961","10,89350524","0,4","12,90636831","12,86354619","12,98993025"
"4,873825","45,77936833","212,2",3090,"13,525266","10,91870568","0,3","15,12026047","13,65463457","13,32773568"
"4,87406","45,77944333","212,5",3096,"13,55268637","10,94084165","0,3","13,28158498","13,94201184","14,01971242"
"4,874315","45,77949833","212,7",3102,"13,58168859","10,96425462","0,2","14,04778453","13,9557999","13,76503832"
"4,874566667","45,77953833","212,8",3108,"13,61002133","10,98712714","0,1","13,72350898","13,7648344","13,9369371"
"4,874818333","45,77957167","212,8",3114,"13,63824795","11,00991399",0,"13,67210771","13,76780358","13,73389144"
"4,875115","45,77965","212,8",3120,"13,67235827","11,03745064",0,"16,52199127","14,82234139","14,28993236"
"4,875395","45,77973333","212,8",3126,"13,70483294","11,06366686",0,"15,72973265","15,63511111","15,5137146"
"4,875668333","45,779745","212,7",3132,"13,73525389","11,08822515","-0,1","14,73497376","15,49028082","15,4834701"
"4,875953333","45,77973333","212,6",3138,"13,7669708","11,11382964","-0,1","15,36269698","15,18501483","15,23817193"
"4,876225","45,77974167","212,5",3144,"13,7971926","11,13822716","-0,1","14,63851162","14,94747819","15,12901883"
"4,876496667","45,77971333","212,4",3150,"13,82756314","11,16274476","-0,1","14,71055671","14,81216673","14,80740392"
"4,876778333","45,77972667","212,3",3156,"13,85891782","11,18805683","-0,1","15,18724389","14,88682256","14,85669915"
"4,877055","45,77970667","212,3",3162,"13,88976156","11,21295643",0,"14,93976025","14,992913","14,9875365"
"4,877318333","45,77970667","212,2",3168,"13,91904276","11,23659462","-0,1","14,18291387","14,68651843","14,81496735"
"4,877583333","45,77971333","212,2",3174,"13,9485186","11,26038994",0,"14,27719151","14,3719942","14,45357168"
"4,877838333","45,77970333","212,2",3180,"13,97689488","11,2832976",0,"13,74459842","14,04529875","14,21807424"
"4,878123333","45,77975167","212,2",3186,"14,00903479","11,30924358",0,"15,56758519","14,58031174","14,25954594"
"4,87842","45,779745","212,2",3192,"14,04203092","11,33588077",0,"15,98231185","15,3688785","15,1568938"
"4,878716667","45,77977833","212,2",3198,"14,07522476","11,36267756",0,"16,07807651","15,93767238","15,69474811"
"4,878978333","45,77982333","212,2",3204,"14,10474475","11,38650852",0,"14,29857641","15,34712354","15,65197443"
"4,879086667","45,779745","212,2",3210,"14,11959143","11,39849398",0,"7,191275758","11,81155617","13,40138984"
"4,879125","45,77951333","212,2",3216,"14,14560959","11,41949798",0,"12,60239752","10,7771846","10,58364032"
"4,879291667","45,77937333","212,2",3222,"14,16977636","11,43900738",0,"11,70564108","11,16147059","11,51043977"
"4,879543333","45,779475","212,2",3228,"14,19994219","11,46335971",0,"14,61140147","13,04729652","12,01470791"
"4,87974","45,77955667","212,2",3234,"14,22360852","11,48246512",0,"11,46324331","12,77098613","13,19971737"
"4,879978333","45,77968333","212,2",3240,"14,25359635","11,50667376",0,"14,52518374","13,31765111","12,72950281"
"4,880263333","45,77974","212,2",3246,"14,28590268","11,53275408",0,"15,64819392","14,36199973","14,14601946"
"4,880521667","45,77971333","212,2",3252,"14,31477972","11,556066",0,"13,98715118","14,75917479","14,67288828"
"4,88079","45,77974","212,2",3258,"14,34476304","11,580271",0,"14,52299923","14,53369895","14,4803326"
"4,880898333","45,77973667","212,2",3264,"14,35681459","11,59",0,"5,837400642","10,94159019","12,79122937"